Date,Log Returns
1992-12-30,0.1170506044833326
1993-01-06,0.0855359072163413
1993-01-13,0.11531379295534538
1993-01-20,0.11755537777575764
1993-01-27,0.10010174252704385
1993-02-03,0.08162218446580116
1993-02-10,0.05157883601112445
1993-02-17,0.046911905784639885
1993-02-24,0.055126313182254805
1993-03-03,0.09391194613946752
1993-03-10,0.105124027896764
1993-03-17,0.08532641954167897
1993-03-24,0.11129279509141732
1993-03-31,0.12708814590970618
1993-04-07,0.12466916386687288
1993-04-14,0.1339549515268521
1993-04-21,0.13597467475122826
1993-04-28,0.13059860081843322
1993-05-05,0.13843852588093508
1993-05-12,0.14472549509750987
1993-05-19,0.15868031216932454
1993-05-26,0.15340729637578931
1993-06-02,0.15472483353159205
1993-06-09,0.17826835985655887
1993-06-16,0.1988990849954666
1993-06-23,0.20600741990086746
1993-06-30,0.2262262755697657
1993-07-07,0.2138784229373849
1993-07-14,0.2136875534726661
1993-07-21,0.20538796882832866
1993-07-28,0.19633919288762858
1993-08-04,0.2186363276077632
1993-08-11,0.2254259571306516
1993-08-18,0.26869569049277686
1993-08-25,0.2630591607709265
1993-09-01,0.2577956185476262
1993-09-08,0.23532581873319014
1993-09-15,0.23644622106279112
1993-09-22,0.2734107349136705
1993-09-29,0.29818206331474606
1993-10-06,0.2999467154398845
1993-10-13,0.27496134407663764
1993-10-20,0.25969150370548544
1993-10-27,0.2648696352415385
1993-11-03,0.22326081325252556
1993-11-10,0.21440217927024463
1993-11-17,0.163002649054671
1993-11-24,0.15805857788180777
1993-12-01,0.15405885040165135
1993-12-08,0.15640082847531556
1993-12-15,0.15375154392372892
1993-12-22,0.1571042424673914
1993-12-29,0.15496822475163707
1994-01-05,0.1637227516251789
1994-01-12,0.1515498752613471
1994-01-19,0.12806750779031084
1994-01-26,0.1486001469713596
1994-02-02,0.14153088225059296
1994-02-09,0.1788874065506283
1994-02-16,0.19748971920271519
1994-02-23,0.1650991309880423
1994-03-02,0.15318826356436244
1994-03-09,0.14781905655886618
1994-03-16,0.17918063767345238
1994-03-23,0.12129064622497143
1994-03-30,0.13202499292366454
1994-04-06,0.11480006427438472
1994-04-13,0.09831934622030669
1994-04-20,0.13376481126572415
1994-04-27,0.1180139159417628
1994-05-04,0.08275549759583622
1994-05-11,0.06796859254960008
1994-05-18,0.07467181128253753
1994-05-25,0.06715213075300586
1994-06-01,0.09278229917211434
1994-06-08,0.08589341129017836
1994-06-15,0.06787867710167195
1994-06-22,0.0307664526574829
1994-06-29,0.028696788871879875
1994-07-06,0.024161010029129848
1994-07-13,0.04281846483065088
1994-07-20,0.03271440016931493
1994-07-27,0.032560580603548495
1994-08-03,0.021958007887208808
1994-08-10,0.028280246921105423
1994-08-17,0.029579482720589745
1994-08-24,0.03970188251106066
1994-08-31,0.03857669931565866
1994-09-07,0.0498686707498317
1994-09-14,0.051313821939984905
1994-09-21,0.009488528147378439
1994-09-28,-0.006819743951259838
1994-10-05,-0.008102943081584435
1994-10-12,-0.007569081359588559
1994-10-19,-0.016819090481014598
1994-10-26,-0.02605040479745746
1994-11-02,-0.014412551282481978
1994-11-09,-0.018014222655059697
1994-11-16,-0.023900971003703475
1994-11-23,-0.027202656566436723
1994-11-30,-0.047647218984973705
1994-12-07,-0.057867224991762
1994-12-14,-0.040281550932177446
1994-12-21,-0.031263226287054025
1994-12-28,-0.038599805441223545
1995-01-04,-0.04188500392689587
1995-01-11,-0.036796808921306656
1995-01-18,-0.05132336784849034
1995-01-25,-0.07659335459476857
1995-02-01,-0.04036497189148225
1995-02-08,-0.035750364046869265
1995-02-15,-0.043135504260127355
1995-02-22,-0.02983457905203135
1995-03-01,-0.04775338468893775
1995-03-08,-0.036636834583275046
1995-03-15,-0.04713144377027767
1995-03-22,0.012487761640396222
1995-03-29,0.026385292015237205
1995-04-05,0.03804364803893634
1995-04-12,0.0676076351227648
1995-04-19,0.05058175996751846
1995-04-26,0.04381943969352253
1995-05-03,0.06999558126210914
1995-05-10,0.10946364486485916
1995-05-17,0.09433601587911156
1995-05-24,0.07669206404373341
1995-05-31,0.08752449879103885
1995-06-07,0.10247739605014772
1995-06-14,0.1462012178642249
1995-06-21,0.15952861038111443
1995-06-28,0.16438233375694455
1995-07-05,0.1840202398332602
1995-07-12,0.17986537064300911
1995-07-19,0.1930199474182812
1995-07-26,0.1942517303904454
1995-08-02,0.19875381737038733
1995-08-09,0.19189937390413014
1995-08-16,0.19067655515974646
1995-08-23,0.16304578760759192
1995-08-30,0.18670986294545955
1995-09-06,0.20542843615546058
1995-09-13,0.2018502069014776
1995-09-20,0.1995061373688971
1995-09-27,0.19018128739654205
1995-10-04,0.1466266753397214
1995-10-11,0.1753292358479186
1995-10-18,0.18287347106726237
1995-10-25,0.15591878377436252
1995-11-01,0.17869905992992763
1995-11-08,0.18394129389423775
1995-11-15,0.2174973308426651
1995-11-22,0.22316814783534422
1995-11-29,0.25674937123480657
1995-12-06,0.2784383375921182
1995-12-13,0.24040773235963897
1995-12-20,0.24061295631394852
1995-12-27,0.2479426737713828
1996-01-03,0.21077725569786043
1996-01-10,0.17652563469486715
1996-01-17,0.2138938522112177
1996-01-24,0.23863563862020243
1996-01-31,0.23551870864895363
1996-02-07,0.22555406082905538
1996-02-14,0.22812600596029142
1996-02-21,0.23596199665100048
1996-02-28,0.25165540162924405
1996-03-06,0.22141610669754375
1996-03-13,0.24618539200067424
1996-03-20,0.2304095320294568
1996-03-27,0.24527088138344588
1996-04-03,0.2360639331525185
1996-04-10,0.24443735837551905
1996-04-17,0.26340983799515705
1996-04-24,0.2698864754050625
1996-05-01,0.25985629306893543
1996-05-08,0.27259652375548615
1996-05-15,0.2852977194199706
1996-05-22,0.29518685711994763
1996-05-29,0.277822570885057
1996-06-05,0.25601565994286
1996-06-12,0.2113949786999667
1996-06-19,0.2060951020519166
1996-06-26,0.20109356945764212
1996-07-03,0.14492480055111834
1996-07-10,0.054775080637606166
1996-07-17,0.05614742172034326
1996-07-24,0.04972675956079531
1996-07-31,0.08493988338270597
1996-08-07,0.07974842178663533
1996-08-14,0.07858570289579081
1996-08-21,0.10162219354721902
1996-08-28,0.07817723169472846
1996-09-04,0.06359531140443409
1996-09-11,0.08656259265625632
1996-09-18,0.10352692402798525
1996-09-25,0.12747274254370655
1996-10-02,0.1647092660781544
1996-10-09,0.14235834806864922
1996-10-16,0.1305937268879358
1996-10-23,0.13199008558963765
1996-10-30,0.11992951922712791
1996-11-06,0.13797812900342254
1996-11-13,0.14167187214033472
1996-11-20,0.1428031913930523
1996-11-27,0.13350345835994748
1996-12-04,0.14811667530775985
1996-12-11,0.1347194264204017
1996-12-18,0.12890561112780663
1996-12-25,0.13502561638699717
1997-01-01,0.1694435308961415
1997-01-08,0.19717884903280325
1997-01-15,0.18326175180747128
1997-01-22,0.15650013768496152
1997-01-29,0.1401625273151348
1997-02-05,0.12595553234568957
1997-02-12,0.14872915535592313
1997-02-19,0.12142594593774803
1997-02-26,0.10189420476715583
1997-03-05,0.13622620907699456
1997-03-12,0.07607562632256837
1997-03-19,0.0678021478719506
1997-03-26,0.02269754859524742
1997-04-02,0.039922778427443184
1997-04-09,0.01540650552877576
1997-04-16,-0.015933181711994315
1997-04-23,-0.022356742660884166
1997-04-30,0.045442463047954185
1997-05-07,0.016920897164824922
1997-05-14,0.01411325556777232
1997-05-21,0.041099587976056284
1997-05-28,0.05530002271031442
1997-06-04,0.07476159155842055
1997-06-11,0.11744874303752884
1997-06-18,0.13265273329221206
1997-06-25,0.1275289567034541
1997-07-02,0.16873543997025386
1997-07-09,0.2703540233447095
1997-07-16,0.2646418283041072
1997-07-23,0.26793747378535393
1997-07-30,0.251498910023197
1997-08-06,0.23385283929124157
1997-08-13,0.22869311525078206
1997-08-20,0.2258305699541534
1997-08-27,0.24995698764154373
1997-09-03,0.2637038278725772
1997-09-10,0.26293721486992894
1997-09-17,0.2712191778917523
1997-09-24,0.27320021512781345
1997-10-01,0.2890486367529794
1997-10-08,0.28471929337938473
1997-10-15,0.29169212923312404
1997-10-22,0.24033561886181687
1997-10-29,0.26347726521569914
1997-11-05,0.22491584919591823
1997-11-12,0.21954576853883
1997-11-19,0.19470495438232494
1997-11-26,0.18947813100931032
1997-12-03,0.19287554466435264
1997-12-10,0.19458431131795706
1997-12-17,0.17051091761476478
1997-12-24,0.17973976317783524
1997-12-31,0.1733753195921004
1998-01-07,0.12975580624477345
1998-01-14,0.15245956883998968
1998-01-21,0.1423437825105971
1998-01-28,0.17281001314025524
1998-02-04,0.21817464948610166
1998-02-11,0.2026733687948159
1998-02-18,0.21396824461674235
1998-02-25,0.24507802394798883
1998-03-04,0.23349025513504795
1998-03-11,0.28317101334525585
1998-03-18,0.306032753229319
1998-03-25,0.34367122962082064
1998-04-01,0.31727846204301
1998-04-08,0.3526024722728671
1998-04-15,0.37396669764316126
1998-04-22,0.3274724100530584
1998-04-29,0.2865064210741961
1998-05-06,0.26974659693949565
1998-05-13,0.24593447667024027
1998-05-20,0.18891793129454193
1998-05-27,0.15981493049530915
1998-06-03,0.1648888785076421
1998-06-10,0.11039940415458727
1998-06-17,0.12892513091252855
1998-06-24,0.1488556346408254
1998-07-01,0.14198209883010193
1998-07-08,0.12267324888249842
1998-07-15,0.11605263233516983
1998-07-22,0.04218342617158655
1998-07-29,-0.04071542738146405
1998-08-05,-0.026651183912956178
1998-08-12,-0.006060036835938476
1998-08-19,-0.07069158893032146
1998-08-26,-0.2122522200898338
1998-09-02,-0.1901971675451133
1998-09-09,-0.21870013637678465
1998-09-16,-0.19922301911717444
1998-09-23,-0.21561395592578858
1998-09-30,-0.33262011105446465
1998-10-07,-0.37046822328128837
1998-10-14,-0.24749914981824528
1998-10-21,-0.14598053274298195
1998-10-28,-0.13214031882952515
1998-11-04,-0.08814675481599288
1998-11-11,-0.10404236687347979
1998-11-18,-0.07364499633455335
1998-11-25,-0.0812265576271578
1998-12-02,-0.08742640326032625
1998-12-09,-0.087845254972029
1998-12-16,-0.053012056992187695
1998-12-23,-0.05591092857276436
1998-12-30,-0.02575011011149808
1999-01-06,0.02109319900721829
1999-01-13,-0.0009742125420650893
1999-01-20,0.0066048598239261125
1999-01-27,-0.03739683275251249
1999-02-03,-0.11262943827355798
1999-02-10,-0.13388768069063417
1999-02-17,-0.1297712420566235
1999-02-24,-0.1590319301336427
1999-03-03,-0.15175728193390725
1999-03-10,-0.1657041566763784
1999-03-17,-0.21696337734624027
1999-03-24,-0.18679186960929073
1999-03-31,-0.16946965478649467
1999-04-07,-0.15017800528476766
1999-04-14,-0.1681813657560438
1999-04-21,-0.08240862973643281
1999-04-28,-0.10761414070394792
1999-05-05,-0.0635574928418059
1999-05-12,-0.06223328722513255
1999-05-19,-0.046392308198765164
1999-05-26,-0.02759546798803303
1999-06-02,-0.028830381027469265
1999-06-09,-0.009995692878945306
1999-06-16,-0.00020123162962537577
1999-06-23,-0.007263086099866811
1999-06-30,-0.005439175060927504
1999-07-07,-0.002877278249048487
1999-07-14,-0.005694322219634174
1999-07-21,0.043346758815543396
1999-07-28,0.08275295753642364
1999-08-04,0.053983134913242914
1999-08-11,0.05834365967927191
1999-08-18,0.11467655476557237
1999-08-25,0.2117381269663312
1999-09-01,0.19131587907537284
1999-09-08,0.2029881400345186
1999-09-15,0.14687749457895105
1999-09-22,0.13456626773405134
1999-09-29,0.24767265500025726
1999-10-06,0.2819842538247448
1999-10-13,0.13702433874186326
1999-10-20,0.11263148259838385
1999-10-27,0.10945732309771206
1999-11-03,0.11736301962383155
1999-11-10,0.15973667170237693
1999-11-17,0.1361596917560357
1999-11-24,0.12996381500667908
1999-12-01,0.14838392941176792
1999-12-08,0.17214336673489683
1999-12-15,0.17291225713482827
1999-12-22,0.17414188172761325
1999-12-29,0.12518685423170517
2000-01-05,0.142091041214508
2000-01-12,0.1753193004708029
2000-01-19,0.2040165827634981
2000-01-26,0.1777147883344199
2000-02-02,0.28765103359574784
2000-02-09,0.30958967943668814
2000-02-16,0.3043403710223087
2000-02-23,0.38163038374401115
2000-03-01,0.3998883864941396
2000-03-08,0.3614808232227995
2000-03-15,0.36597757552019683
2000-03-22,0.33781110372140866
2000-03-29,0.23261290919874522
2000-04-05,0.20100403315784554
2000-04-12,0.1572963314279221
2000-04-19,0.11671004649654027
2000-04-26,0.15546088243101686
2000-05-03,0.09402548034794567
2000-05-10,0.13416967371952726
2000-05-17,0.05499112719527055
2000-05-24,0.08590213491075982
2000-05-31,0.14235688752431574
2000-06-07,0.16866916745989258
2000-06-14,0.16141514098335463
2000-06-21,0.1123655245658366
2000-06-28,0.13786977852567972
2000-07-05,0.14527700405823474
2000-07-12,0.16755097620657722
2000-07-19,0.14147048472801949
2000-07-26,0.13185386408374367
2000-08-02,0.18495119580237596
2000-08-09,0.15663120431968558
2000-08-16,0.16872452447764452
2000-08-23,0.21345276895379328
2000-08-30,0.20698603038014074
2000-09-06,0.19468473770001182
2000-09-13,0.20456165193943843
2000-09-20,0.19756164540809262
2000-09-27,0.1694419324408054
2000-10-04,0.12584026713236618
2000-10-11,0.13618042844904732
2000-10-18,0.1598686199166588
2000-10-25,0.14062929268747748
2000-11-01,0.12560989621625485
2000-11-08,0.06365852399059335
2000-11-15,0.026791574042502653
2000-11-22,0.010820392789560707
2000-11-29,0.011677314912833303
2000-12-06,0.03192158382822896
2000-12-13,-0.036405809183480464
2000-12-20,-0.045761888370501325
2000-12-27,-0.03378049271938277
2001-01-03,-0.05994094181289977
2001-01-10,-0.04009521028371843
2001-01-17,-0.038162259935997866
2001-01-24,0.015580236509142864
2001-01-31,-0.06084786833305689
2001-02-07,-0.07227851911389838
2001-02-14,-0.0965976252406886
2001-02-21,-0.18789351024644052
2001-02-28,-0.21321344673976572
2001-03-07,-0.21474072212176942
2001-03-14,-0.21807305845268843
2001-03-21,-0.21059378682365715
2001-03-28,-0.17008347449555217
2001-04-04,-0.12133747898646252
2001-04-11,-0.06482247979394806
2001-04-18,-0.056101642240614424
2001-04-25,-0.029887153299339886
2001-05-02,0.0018521809515918974
2001-05-09,-0.03284715051208842
2001-05-16,0.11941559308673622
2001-05-23,0.05244950265861004
2001-05-30,0.009395741111863032
2001-06-06,-0.013363852621152361
2001-06-13,-0.07290147693945848
2001-06-20,-0.034561413843593236
2001-06-27,-0.05332008620032358
2001-07-04,-0.10248269325508463
2001-07-11,-0.08908847219851612
2001-07-18,-0.08110940024191571
2001-07-25,-0.02644292313625396
2001-08-01,-0.0574244283075247
2001-08-08,-0.06009158458977826
2001-08-15,-0.0914449602247478
2001-08-22,-0.11054946004759358
2001-08-29,-0.1435091314544259
2001-09-05,-0.18901895238719568
2001-09-12,-0.2399762432235617
2001-09-19,-0.2523459805282986
2001-09-26,-0.22797518961979168
2001-10-03,-0.1642437581998326
2001-10-10,-0.08033831020378557
2001-10-17,-0.1323988298085812
2001-10-24,-0.16298710987332932
2001-10-31,-0.13348342126286727
2001-11-07,-0.08252744506704435
2001-11-14,-0.028002600769178265
2001-11-21,0.003675000138724016
2001-11-28,-0.0070926420973984605
2001-12-05,-0.006278082210397606
2001-12-12,0.05658787945286914
2001-12-19,0.040280933707193434
2001-12-26,0.054714558007819214
2002-01-02,0.07062242793348084
2002-01-09,-0.016928071173111015
2002-01-16,-0.06720045263911611
2002-01-23,-0.07649519985025233
2002-01-30,-0.07584335383958685
2002-02-06,-0.06273475465460088
2002-02-13,-0.06554621588494314
2002-02-20,-0.015704905601665153
2002-02-27,0.013337366327777822
2002-03-06,0.07627813785914306
2002-03-13,0.12711857031171547
2002-03-20,0.10229540659469283
2002-03-27,0.15889728760884214
2002-04-03,0.10728194448601513
2002-04-10,0.13791457622887915
2002-04-17,0.09865701619822342
2002-04-24,0.040359497388728016
2002-05-01,0.014554931686296513
2002-05-08,0.04412758836052166
2002-05-15,-0.043001005380658874
2002-05-22,-0.02002517912294266
2002-05-29,-0.08633564145684591
2002-06-05,-0.09112113617618345
2002-06-12,-0.03969474842272014
2002-06-19,-0.08140018974519503
2002-06-26,-0.13787975364145932
2002-07-03,-0.10786410823169135
2002-07-10,-0.1860916654605136
2002-07-17,-0.264629348344835
2002-07-24,-0.18995820452497814
2002-07-31,-0.23222527491407607
2002-08-07,-0.23992276326990503
2002-08-14,-0.17143740540457042
2002-08-21,-0.17656002872548537
2002-08-28,-0.20836441424961993
2002-09-04,-0.11167553962516585
2002-09-11,-0.08184396821763151
2002-09-18,-0.10531005361663226
2002-09-25,-0.0876021238486846
2002-10-02,-0.18304606457410433
2002-10-09,-0.18671758172306774
2002-10-16,-0.16418436960878147
2002-10-23,-0.13717673174101286
2002-10-30,-0.13705431213251096
2002-11-06,-0.17945284145977336
2002-11-13,-0.17883784474751696
2002-11-20,-0.14551303836290863
2002-11-27,-0.15458898373521723
2002-12-04,-0.1878256244606522
2002-12-11,-0.2158119277447943
2002-12-18,-0.2245030395676082
2002-12-25,-0.2430695334035402
2003-01-01,-0.23417521344511005
2003-01-08,-0.1965668409770247
2003-01-15,-0.20304038897987908
2003-01-22,-0.2391310351931315
2003-01-29,-0.24018136327560669
2003-02-05,-0.27100730382482574
2003-02-12,-0.2325741843457747
2003-02-19,-0.266041780127769
2003-02-26,-0.3131125625780502
2003-03-05,-0.36299443418090416
2003-03-12,-0.3159407164567831
2003-03-19,-0.29959340441144366
2003-03-26,-0.30563141058005083
2003-04-02,-0.2945911117888871
2003-04-09,-0.32036779760513756
2003-04-16,-0.2658625155289842
2003-04-23,-0.2548651156889177
2003-04-30,-0.1897239540327007
2003-05-07,-0.19935788083276407
2003-05-14,-0.19169810526639974
2003-05-21,-0.14086633612782773
2003-05-28,-0.06516916995832123
2003-06-04,-0.02587315319721384
2003-06-11,-0.025224424060237283
2003-06-18,-0.025881841070659384
2003-06-25,0.03703332871789655
2003-07-02,0.09910453088512039
2003-07-09,0.15789338576755618
2003-07-16,0.24275818496764678
2003-07-23,0.16662612304776747
2003-07-30,0.18341954965464957
2003-08-06,0.21196311144537283
2003-08-13,0.2056989244788605
2003-08-20,0.20218830674235644
2003-08-27,0.29161754354362657
2003-09-03,0.26462942470100526
2003-09-10,0.30709377378310077
2003-09-17,0.37603867329535934
2003-09-24,0.281331976086336
2003-10-01,0.42542215193243393
2003-10-08,0.38879533981744974
2003-10-15,0.3709415651015675
2003-10-22,0.35522251079848477
2003-10-29,0.333455626850812
2003-11-05,0.3440762373497508
2003-11-12,0.3180153081706276
2003-11-19,0.3101850239205941
2003-11-26,0.32290499611464796
2003-12-03,0.30640169419293795
2003-12-10,0.31802841152236194
2003-12-17,0.35770766131456266
2003-12-24,0.38938725438700406
2003-12-31,0.369219357917399
2004-01-07,0.37744400978387205
2004-01-14,0.4450784862700301
2004-01-21,0.46681293573286986
2004-01-28,0.4515240016940574
2004-02-04,0.498914819501862
2004-02-11,0.48907819036099376
2004-02-18,0.45947982931349785
2004-02-25,0.5055552137103616
2004-03-03,0.5238232535245455
2004-03-10,0.4316412697482699
2004-03-17,0.4112490595989913
2004-03-24,0.46914892304774725
2004-03-31,0.46979343426847553
2004-04-07,0.43391159157686854
2004-04-14,0.38666104802520085
2004-04-21,0.4005513616913552
2004-04-28,0.3221625258834093
2004-05-05,0.2690774153303135
2004-05-12,0.2825101741498077
2004-05-19,0.27907041024819357
2004-05-26,0.2544635350566846
2004-06-02,0.24803947666988524
2004-06-09,0.21508949402679178
2004-06-16,0.2601512461740647
2004-06-23,0.26903635519025304
2004-06-30,0.18871143999848705
2004-07-07,0.16535914345852287
2004-07-14,0.19550652551819692
2004-07-21,0.1397068183903416
2004-07-28,0.17260126223168903
2004-08-04,0.12633402120774306
2004-08-11,0.08112817771511693
2004-08-18,0.11354668451309635
2004-08-25,0.07665081787134653
2004-09-01,0.09176892096437239
2004-09-08,0.10187161198132699
2004-09-15,0.10510632380395979
2004-09-22,0.14833370455643013
2004-09-29,0.12029539051812232
2004-10-06,0.08099683566242444
2004-10-13,0.07536976135495266
2004-10-20,0.09388291915341451
2004-10-27,0.08288935953120902
2004-11-03,0.137760299005115
2004-11-10,0.16925611269686058
2004-11-17,0.13955866944915485
2004-11-24,0.1352437831991793
2004-12-01,0.15714480710324175
2004-12-08,0.17960899760385018
2004-12-15,0.15208685337145234
2004-12-22,0.14632134973041033
2004-12-29,0.09795624852943341
2005-01-05,0.050938001290836254
2005-01-12,0.04398634497038412
2005-01-19,0.018857677924582816
2005-01-26,0.08120154262095003
2005-02-02,0.07455841961490517
2005-02-09,0.0658434691829628
2005-02-16,0.07746348702684003
2005-02-23,0.07725117319512975
2005-03-02,0.08507242135792925
2005-03-09,0.10093522132775057
2005-03-16,0.09784829358935099
2005-03-23,0.02551159794409319
2005-03-30,0.024996536028354832
2005-04-06,0.045384247567066716
2005-04-13,0.032682821791181205
2005-04-20,-0.005261357064467731
2005-04-27,0.025717920144874284
2005-05-04,0.08113145630387741
2005-05-11,0.09271644303763882
2005-05-18,0.08076760107857872
2005-05-25,0.07440368231948113
2005-06-01,0.07637968810649731
2005-06-08,0.11068339711822706
2005-06-15,0.11414513172776886
2005-06-22,0.08734015609239876
2005-06-29,0.1320737865037387
2005-07-06,0.1757272310911011
2005-07-13,0.17018367049451832
2005-07-20,0.2140203855615317
2005-07-27,0.23626097932599155
2005-08-03,0.22041058066992747
2005-08-10,0.21116260899455597
2005-08-17,0.18454832985592962
2005-08-24,0.1765927981381017
2005-08-31,0.1807867199126978
2005-09-07,0.1646192901574981
2005-09-14,0.13549035350625793
2005-09-21,0.1529882987999347
2005-09-28,0.1224372827856488
2005-10-05,0.08850724377486152
2005-10-12,0.09855036621387647
2005-10-19,0.106825823768391
2005-10-26,0.09381215436906132
2005-11-02,0.07857574765478681
2005-11-09,0.060200834410208515
2005-11-16,0.0888363535903709
2005-11-23,0.061083923273028695
2005-11-30,0.09462688122479612
2005-12-07,0.0683007025376341
2005-12-14,0.040309352845072866
2005-12-21,0.03307217927685535
2005-12-28,0.08463136222429846
2006-01-04,0.150694289906661
2006-01-11,0.1186948104951826
2006-01-18,0.16879272328375183
2006-01-25,0.15465543689281613
2006-02-01,0.1158607170777568
2006-02-08,0.12530396579804393
2006-02-15,0.1622486870530393
2006-02-22,0.1347521780063481
2006-03-01,0.12241544525986647
2006-03-08,0.16070651721544227
2006-03-15,0.17393939031994599
2006-03-22,0.21714842544574786
2006-03-29,0.2155574952163386
2006-04-05,0.1910835382597149
2006-04-12,0.257683165067891
2006-04-19,0.26349201775437603
2006-04-26,0.27255924329754233
2006-05-03,0.27158794048355084
2006-05-10,0.21421025236812863
2006-05-17,0.1487968058268283
2006-05-24,0.1423297231917564
2006-05-31,0.13081841178201703
2006-06-07,0.058665221500503684
2006-06-14,0.055317729603272525
2006-06-21,0.06846897961253173
2006-06-28,0.11221055091855892
2006-07-05,0.06297296323315749
2006-07-12,0.01892693300597248
2006-07-19,0.03332619116712454
2006-07-26,0.002002329419681814
2006-08-02,0.04005133690925611
2006-08-09,0.06393592891043642
2006-08-16,0.0767525759812333
2006-08-23,0.08933236997630534
2006-08-30,0.07568576443921238
2006-09-06,0.07351564517679599
2006-09-13,0.09314321874943321
2006-09-20,0.1015286821866983
2006-09-27,0.07891568478982158
2006-10-04,0.16871791362792266
2006-10-11,0.20143068462259262
2006-10-18,0.17078599356007818
2006-10-25,0.17610235080508652
2006-11-01,0.15256684297426837
2006-11-08,0.17924883866116037
2006-11-15,0.14894022691791875
2006-11-22,0.13986068592403988
2006-11-29,0.14820328369712676
2006-12-06,0.13473337135056784
2006-12-13,0.15056415411537927
2006-12-20,0.1526630595882965
2006-12-27,0.14103549356350253
2007-01-03,0.09049226967027835
2007-01-10,0.11766615466020358
2007-01-17,0.08967023178681899
2007-01-24,0.08465243408379397
2007-01-31,0.12221341376976813
2007-02-07,0.12131839710279202
2007-02-14,0.12810406025103216
2007-02-21,0.08147346114242371
2007-02-28,0.07713464797661196
2007-03-07,0.04388105118432062
2007-03-14,0.0752135792683335
2007-03-21,0.0657922318488362
2007-03-28,0.06285064922203532
2007-04-04,0.09308925776935872
2007-04-11,0.07402820105141394
2007-04-18,0.07738997459616748
2007-04-25,0.061438908464577224
2007-05-02,0.062292945867271854
2007-05-09,0.09895609308351183
2007-05-16,0.16622643702137818
2007-05-23,0.1637284625081996
2007-05-30,0.1765592032900445
2007-06-06,0.20007051671641563
2007-06-13,0.22487197790480895
2007-06-20,0.184505197102232
2007-06-27,0.148976663104607
2007-07-04,0.15896830623499714
2007-07-11,0.22060526574963113
2007-07-18,0.15191140166980244
2007-07-25,0.11777495462548693
2007-08-01,0.11872167456010896
2007-08-08,0.0891120856841292
2007-08-15,0.10787514616111515
2007-08-22,0.0714956797171773
2007-08-29,0.09584610002522354
2007-09-05,0.07674584653396277
2007-09-12,0.1065279295985313
2007-09-19,0.095844589699146
2007-09-26,0.14683946557495098
2007-10-03,0.1256235652069746
2007-10-10,0.07362320996631677
2007-10-17,0.0709993921742953
2007-10-24,0.062319981145123826
2007-10-31,0.047743658890712304
2007-11-07,0.005196301822405935
2007-11-14,-0.05559649716184101
2007-11-21,-0.041571356076530286
2007-11-28,-0.05856538948720047
2007-12-05,-0.028483610716598662
2007-12-12,-0.036510641134457344
2007-12-19,0.00786076235546318
2007-12-26,-0.02784511906497933
2008-01-02,-0.0991514403608722
2008-01-09,-0.12650244505563446
2008-01-16,-0.15654941827176216
2008-01-23,-0.12358949887579129
2008-01-30,-0.14420530051595915
2008-02-06,-0.1412744784374942
2008-02-13,-0.16231026270692261
2008-02-20,-0.09987228921702407
2008-02-27,-0.13432408900539716
2008-03-05,-0.13229882855141817
2008-03-12,-0.15165252271420915
2008-03-19,-0.12897662968567314
2008-03-26,-0.13303699548754455
2008-04-02,-0.13462119604537381
2008-04-09,-0.18049927543437505
2008-04-16,-0.16066412503601324
2008-04-23,-0.12695669478671956
2008-04-30,-0.12975268817668262
2008-05-07,-0.09979715209218831
2008-05-14,-0.13256573994547427
2008-05-21,-0.13141687549786063
2008-05-28,-0.13787748271613776
2008-06-04,-0.1147725259579282
2008-06-11,-0.14127724564124655
2008-06-18,-0.15442108323238823
2008-06-25,-0.20412313766801127
2008-07-02,-0.20431258197335378
2008-07-09,-0.249312866098923
2008-07-16,-0.12450312020497556
2008-07-23,-0.08265418382675094
2008-07-30,-0.07104524086477415
2008-08-06,-0.023783949226972467
2008-08-13,-0.07689454455250022
2008-08-20,-0.05945399512127558
2008-08-27,-0.08083920204443995
2008-09-03,-0.10075924049760854
2008-09-10,-0.12668500314578868
2008-09-17,-0.12423123742081277
2008-09-24,-0.20232136231752396
2008-10-01,-0.41412825608119874
2008-10-08,-0.3950440270596012
2008-10-15,-0.43340736854644213
2008-10-22,-0.5255136735211474
2008-10-29,-0.3842578325748569
2008-11-05,-0.4924108357194479
2008-11-12,-0.5154805904441169
2008-11-19,-0.5170834050044535
2008-11-26,-0.5319135301840934
2008-12-03,-0.49797151066839973
2008-12-10,-0.4457658789473484
2008-12-17,-0.5277396283303926
2008-12-24,-0.46168104434555524
2008-12-31,-0.3143955022452758
2009-01-07,-0.386637935653658
2009-01-14,-0.43738052188849164
2009-01-21,-0.43691016362202184
2009-01-28,-0.4376636212970926
2009-02-04,-0.4590752945927079
2009-02-11,-0.4931938781693477
2009-02-18,-0.5533343084199878
2009-02-25,-0.6346272212928765
2009-03-04,-0.6055448096117493
2009-03-11,-0.524527501760006
2009-03-18,-0.526958379469451
2009-03-25,-0.5193990901782293
2009-04-01,-0.5002345913110062
2009-04-08,-0.42329499315816754
2009-04-15,-0.4035273242401587
2009-04-22,-0.4190069293812666
2009-04-29,-0.373061677786068
2009-05-06,-0.3974629923918176
2009-05-13,-0.3997044503558076
2009-05-20,-0.38381234077687854
2009-05-27,-0.338799696777734
2009-06-03,-0.32766345727414503
2009-06-10,-0.37994404292169826
2009-06-17,-0.36839519825195133
2009-06-24,-0.30796085865117195
2009-07-01,-0.34348347467543316
2009-07-08,-0.2881703384020975
2009-07-15,-0.31100760560276
2009-07-22,-0.2581954729285574
2009-07-29,-0.23376083680732673
2009-08-05,-0.2815883395706704
2009-08-12,-0.2715443048526929
2009-08-19,-0.21554995756229545
2009-08-26,-0.2801681764833557
2009-09-02,-0.2046735604931511
2009-09-09,-0.1612160730725467
2009-09-16,-0.1332917108564997
2009-09-23,-0.10727857553176268
2009-09-30,0.07416414375672087
2009-10-07,0.09790465841077989
2009-10-14,0.14493079467145353
2009-10-21,0.1959232493865377
2009-10-28,0.044159504162476715
2009-11-04,0.196428050252468
2009-11-11,0.2971232085768527
2009-11-18,0.2905099214137916
2009-11-25,0.2878631297974783
2009-12-02,0.24952587242339153
2009-12-09,0.22768534428895393
2009-12-16,0.28567418361047725
2009-12-23,0.2712144038792319
2009-12-30,0.21550231997491132
2010-01-06,0.2936478860836784
2010-01-13,0.40342610848326377
2010-01-20,0.2954223382276284
2010-01-27,0.3044050011998003
2010-02-03,0.2890439511995595
2010-02-10,0.36984966573888833
2010-02-17,0.41567590824483425
2010-02-24,0.5854632874543153
2010-03-03,0.5993219690242935
2010-03-10,0.521075484049744
2010-03-17,0.5055039112191606
2010-03-24,0.48108920962228563
2010-03-31,0.4854614299314308
2010-04-07,0.44469547781447005
2010-04-14,0.4285626127558615
2010-04-21,0.42225651838011125
2010-04-28,0.34514724884696246
2010-05-05,0.33968090720609734
2010-05-12,0.3250923216884338
2010-05-19,0.2462715548103933
2010-05-26,0.19646886263049979
2010-06-02,0.15702303081971447
2010-06-09,0.283379992115008
2010-06-16,0.27672426269675476
2010-06-23,0.19214958720790243
2010-06-30,0.19757212992764028
2010-07-07,0.258241015652084
2010-07-14,0.1727177265692461
2010-07-21,0.1820648106746079
2010-07-28,0.13870857379185786
2010-08-04,0.1396412595595189
2010-08-11,0.1182881063110841
2010-08-18,0.020988132274992743
2010-08-25,0.07589062489588994
2010-09-01,0.08782499070251504
2010-09-08,0.07082300960354448
2010-09-15,0.06844382542137861
2010-09-22,0.10115310495134366
2010-09-29,0.13552490086035096
2010-10-06,0.12916511247401985
2010-10-13,0.12365459994863581
2010-10-20,0.18592387432001534
2010-10-27,0.22260367162709294
2010-11-03,0.21254877689658702
2010-11-10,0.1578578795839931
2010-11-17,0.19466806165841088
2010-11-24,0.21017454139699776
2010-12-01,0.24602837818946366
2010-12-08,0.2411526003884461
2010-12-15,0.23718188337462465
2010-12-22,0.22059446444575315
2010-12-29,0.20763450770126646
2011-01-05,0.2236281042377941
2011-01-12,0.21835350148774157
2011-01-19,0.24224902237818924
2011-01-26,0.263146944460531
2011-02-02,0.3127324100839104
2011-02-09,0.278267517047035
2011-02-16,0.26281828024340737
2011-02-23,0.2190538430754403
2011-03-02,0.20824581893066707
2011-03-09,0.15224011037127916
2011-03-16,0.15825225506456775
2011-03-23,0.192940844646162
2011-03-30,0.1959305420478934
2011-04-06,0.15099569377116673
2011-04-13,0.1315667041708366
2011-04-20,0.1677928391170429
2011-04-27,0.17303760687316672
2011-05-04,0.20756297297936488
2011-05-11,0.18361448966706195
2011-05-18,0.2359421359706655
2011-05-25,0.2802672458667832
2011-06-01,0.255557796852254
2011-06-08,0.17163061990404138
2011-06-15,0.22188255465361273
2011-06-22,0.28283639533263827
2011-06-29,0.3551551678039653
2011-07-06,0.255283819912699
2011-07-13,0.29044163166591996
2011-07-20,0.2196550302254563
2011-07-27,0.15685753140835068
2011-08-03,0.07422287929101667
2011-08-10,0.11802786314043612
2011-08-17,0.13704479737574005
2011-08-24,0.19005385082370552
2011-08-31,0.07877922006708005
2011-09-07,0.06342313352870121
2011-09-14,0.03734355749929996
2011-09-21,0.00708143214994994
2011-09-28,-0.06087120341328767
2011-10-05,-0.01020941173040768
2011-10-12,0.02164688825358141
2011-10-19,0.009461038513899567
2011-10-26,0.0014017580043415023
2011-11-02,0.03955288900733578
2011-11-09,0.05212373906029111
2011-11-16,-0.03343080718043012
2011-11-23,-0.04344695265525633
2011-11-30,-0.0233466848862669
2011-12-07,-0.07199087528539305
2011-12-14,-0.06844913819808252
2011-12-21,-0.0495308484147694
2011-12-28,-0.04363187205878294
2012-01-04,-0.03849121183629034
2012-01-11,-0.0534489109815004
2012-01-18,0.01059803161230466
2012-01-25,-0.007627064404326589
2012-02-01,0.01667252862520474
2012-02-08,0.000755778103571636
2012-02-15,0.012517264190075927
2012-02-22,0.02050495042527345
2012-02-29,-0.04662851293120074
2012-03-07,0.049191411793972684
2012-03-14,0.025131083215425676
2012-03-21,0.012567016172869927
2012-03-28,-0.021930741509492258
2012-04-04,-0.0474684734120272
2012-04-11,-0.015156634122146073
2012-04-18,-0.06663517682789344
2012-04-25,-0.033600408972151996
2012-05-02,-0.07626632058821858
2012-05-09,-0.05383970578577202
2012-05-16,-0.06461011387396454
2012-05-23,-0.08758811803471911
2012-05-30,-0.06669824102515243
2012-06-06,-0.0417412485452342
2012-06-13,-0.025038980314237236
2012-06-20,-0.06611645399070465
2012-06-27,-0.02786743297075933
2012-07-04,-0.04259267116485432
2012-07-11,-0.04305251921319719
2012-07-18,-0.07171316578459308
2012-07-25,0.02565215704117918
2012-08-01,0.14070587992531713
2012-08-08,0.1228467755997249
2012-08-15,0.17703236152087243
2012-08-22,0.11189336719494758
2012-08-29,0.18853933025927727
2012-09-05,0.1964748296433676
2012-09-12,0.21673707822289412
2012-09-19,0.20992277082093747
2012-09-26,0.25913097596643997
2012-10-03,0.18371882421694163
2012-10-10,0.16362353625618908
2012-10-17,0.13426675796827592
2012-10-24,0.13030965549559692
2012-10-31,0.08908353363944332
2012-11-07,0.05997527430994154
2012-11-14,0.1311209672238718
2012-11-21,0.14874691848284716
2012-11-28,0.09611569451060387
2012-12-05,0.15086660852389322
2012-12-12,0.13827316140401358
2012-12-19,0.11721052897779938
2012-12-26,0.1213626891850641
2013-01-02,0.13433200111378607
2013-01-09,0.14456709601939277
2013-01-16,0.13170925487904217
2013-01-23,0.13488795705308565
2013-01-30,0.09323461890330176
2013-02-06,0.11157766143110148
2013-02-13,0.12413361558849179
2013-02-20,0.0885225365687834
2013-02-27,0.16404236333085453
2013-03-06,0.12324993592902711
2013-03-13,0.12839757111251604
2013-03-20,0.12289444210777933
2013-03-27,0.11260541212672504
2013-04-03,0.16987432665377522
2013-04-10,0.13014246648181071
2013-04-17,0.15232492397316477
2013-04-24,0.14950518258608003
2013-05-01,0.19914724851156507
2013-05-08,0.23771226390658917
2013-05-15,0.27370308400055166
2013-05-22,0.24945552281977346
2013-05-29,0.2747144559099448
2013-06-05,0.25370147664112874
2013-06-12,0.24024156120277596
2013-06-19,0.22834293087094082
2013-06-26,0.18970824988384116
2013-07-03,0.24708839313715458
2013-07-10,0.2618493399279096
2013-07-17,0.3151742834066811
2013-07-24,0.28219331001733217
2013-07-31,0.2722961184343857
2013-08-07,0.27773476893187876
2013-08-14,0.23229499945199805
2013-08-21,0.21885076636512846
2013-08-28,0.2119737956512333
2013-09-04,0.22629327246278574
2013-09-11,0.21867817872932171
2013-09-18,0.24742455438212385
2013-09-25,0.25756358037803384
2013-10-02,0.23501600732208328
2013-10-09,0.25640586715552693
2013-10-16,0.31251511355846695
2013-10-23,0.32100025184707803
2013-10-30,0.29016488890567516
2013-11-06,0.3336218962443187
2013-11-13,0.32747508711440254
2013-11-20,0.3397335606189822
2013-11-27,0.3125669438435361
2013-12-04,0.2933873508144149
2013-12-11,0.27757740955273125
2013-12-18,0.31869697186983625
2013-12-25,0.3148369921866223
2014-01-01,0.28024911084346904
2014-01-08,0.2739923257432366
2014-01-15,0.26808602919026203
2014-01-22,0.22675430435129673
2014-01-29,0.19415731089981403
2014-02-05,0.2075549027000987
2014-02-12,0.22011750104399663
2014-02-19,0.265679064299718
2014-02-26,0.2648743352728129
2014-03-05,0.23307011460194094
2014-03-12,0.24536089504043712
2014-03-19,0.21534334939887945
2014-03-26,0.2408179378100055
2014-04-02,0.20802124556662172
2014-04-09,0.19267429872537356
2014-04-16,0.21788744802272753
2014-04-23,0.16803997907666002
2014-04-30,0.13527477475726624
2014-05-07,0.12850336477690494
2014-05-14,0.09462000188887831
2014-05-21,0.13560972587828957
2014-05-28,0.13699930760176482
2014-06-04,0.17804147329378583
2014-06-11,0.16265592723459754
2014-06-18,0.19927948849248445
2014-06-25,0.19785345949418875
2014-07-02,0.14095066874008477
2014-07-09,0.10505149376385425
2014-07-16,0.09421237663091642
2014-07-23,0.08987579804211698
2014-07-30,0.06389442636369935
2014-08-06,0.074211886605279
2014-08-13,0.12237759117112024
2014-08-20,0.1480130452271906
2014-08-27,0.1489359286787959
2014-09-03,0.09290309374965933
2014-09-10,0.07632591335180017
2014-09-17,0.04016215558772984
2014-09-24,0.013019172701500104
2014-10-01,0.02736133998523904
2014-10-08,-0.016831941310155862
2014-10-15,-0.0024950014950553268
2014-10-22,0.024999986254900186
2014-10-29,0.054513103566506516
2014-11-05,0.06883488157288209
2014-11-12,0.060679117683780426
2014-11-19,0.04464597717228891
2014-11-26,0.03898001366141024
2014-12-03,0.0592699657890865
2014-12-10,0.018138337833392804
2014-12-17,0.034382207883907334
2014-12-24,0.04158485360894826
2014-12-31,0.0031739130704151464
2015-01-07,0.014684091968473645
2015-01-14,-0.004663300025389283
2015-01-21,0.04837845353938075
2015-01-28,0.08192142397815427
2015-02-04,0.06349407304380605
2015-02-11,0.053253978644424826
2015-02-18,0.04987061236700452
2015-02-25,0.021372573183130683
2015-03-04,0.01794177274856068
2015-03-11,0.030395341675241383
2015-03-18,0.06999338764023655
2015-03-25,0.05249688378921391
2015-04-01,0.09108728071018124
2015-04-08,0.12247552926052752
2015-04-15,0.08977164844932695
2015-04-22,0.11653420048008378
2015-04-29,0.092524109692798
2015-05-06,0.0951917626437595
2015-05-13,0.13426207172196314
2015-05-20,0.08115470300699368
2015-05-27,0.10577779757529804
2015-06-03,0.06355426500058758
2015-06-10,0.07600085889290753
2015-06-17,0.0993591590481584
2015-06-24,0.03903093248714651
2015-07-01,0.06274268271991712
2015-07-08,0.09856592063946046
2015-07-15,0.08169730097175432
2015-07-22,0.07014840221543661
2015-07-29,0.09135812722771508
2015-08-05,0.06666659154402854
2015-08-12,0.04410652331345766
2015-08-19,-0.062382353697519655
2015-08-26,-0.04457463867625577
2015-09-02,0.0028100403671356133
2015-09-09,0.012974048016293871
2015-09-16,0.021497507876115485
2015-09-23,-0.01626143134450242
2015-09-30,0.05193916813268551
2015-10-07,0.07810470431245253
2015-10-14,0.04431075124115669
2015-10-21,-0.003625610374143662
2015-10-28,0.02219854581078895
2015-11-04,0.006538115995887495
2015-11-11,-0.01469373674922636
2015-11-18,0.002088385430518258
2015-11-25,0.030104214414605757
2015-12-02,-0.024419123752553062
2015-12-09,-0.006887056133903613
2015-12-16,-0.055352937634057575
2015-12-23,-0.044269691853461524
2015-12-30,-0.044792449032295956
2016-01-06,-0.12232696107498597
2016-01-13,-0.1623606098495829
2016-01-20,-0.1600512348739489
2016-01-27,-0.1710088812512902
2016-02-03,-0.22173579590929116
2016-02-10,-0.20715787221654303
2016-02-17,-0.1981678967513565
2016-02-24,-0.15781939906887654
2016-03-02,-0.12373767241009137
2016-03-09,-0.15236644806917532
2016-03-16,-0.14096491990637983
2016-03-23,-0.12182631241778186
2016-03-30,-0.13429763719048093
2016-04-06,-0.13486111748712393
2016-04-13,-0.10316999965262852
2016-04-20,-0.09020713728686758
2016-04-27,-0.08019084288202638
2016-05-04,-0.0883739974595068
2016-05-11,-0.13446244701497978
2016-05-18,-0.08720509399369192
2016-05-25,-0.08066401161871362
2016-06-01,-0.0573825516742259
2016-06-08,-0.10078233194435349
2016-06-15,-0.11600679708765327
2016-06-22,-0.12437386595728306
2016-06-29,-0.09103672566506305
2016-07-06,-0.054417585620436526
2016-07-13,-0.04409639566714585
2016-07-20,-0.006340482378329959
2016-07-27,-0.021800798025729762
2016-08-03,0.01686571854940766
2016-08-10,0.01327890082546812
2016-08-17,0.12297636861130012
2016-08-24,0.09947199862346778
2016-08-31,0.07589981437823923
2016-09-07,0.0389567467299301
2016-09-14,0.0719728308857519
2016-09-21,0.1396684486958506
2016-09-28,0.08945622062827496
2016-10-05,0.06719544576865832
2016-10-12,0.04540030969001663
2016-10-19,0.05999108317043955
2016-10-26,-0.011513020575908861
2016-11-02,0.006244723342083702
2016-11-09,0.12145975195840997
2016-11-16,0.11548390568257894
2016-11-23,0.09805742149218499
2016-11-30,0.15417779890498995
2016-12-07,0.1937956718895535
2016-12-14,0.195949087861627
2016-12-21,0.17155447444010896
2016-12-28,0.20675705121238952
2017-01-04,0.2717377600085582
2017-01-11,0.3069648047256628
2017-01-18,0.29642348304066246
2017-01-25,0.3000208180339978
2017-02-01,0.3450315505709831
2017-02-08,0.33828538602915526
2017-02-15,0.3317539810285268
2017-02-22,0.2738552116442907
2017-03-01,0.2526910788626484
2017-03-08,0.2446914865695664
2017-03-15,0.20465676379957465
2017-03-22,0.20927794132888788
2017-03-29,0.22195113301568448
2017-04-05,0.21938324538237897
2017-04-12,0.17764347299453664
2017-04-19,0.20395883124507375
2017-04-26,0.22111608913214909
2017-05-03,0.20945931224394876
2017-05-10,0.23946612617137042
2017-05-17,0.19588758421832608
2017-05-24,0.17176038989093634
2017-05-31,0.16733375547291196
2017-06-07,0.21700185819907158
2017-06-14,0.19546989170948414
2017-06-21,0.23705871708350923
2017-06-28,0.22480445768299084
2017-07-05,0.1585326274868697
2017-07-12,0.1733052611845025
2017-07-19,0.1755587380418797
2017-07-26,0.1722279437199843
2017-08-02,0.1352683029701609
2017-08-09,0.11649611530256632
2017-08-16,0.09392735421597198
2017-08-23,0.10478413521907992
2017-08-30,0.11039345463972872
2017-09-06,0.16055466553076148
2017-09-13,0.1592653820103127
2017-09-20,0.15604007064433922
2017-09-27,0.19847944919770644
2017-10-04,0.20571357598518158
2017-10-11,0.20716171932103578
2017-10-18,0.21009610097100406
2017-10-25,0.24338327319209618
2017-11-01,0.21316366493319894
2017-11-08,0.12211010690052593
2017-11-15,0.12954305270200628
2017-11-22,0.14562190045988022
2017-11-29,0.11449603792702767
2017-12-06,0.0987703470248622
2017-12-13,0.10472086994127672
2017-12-20,0.11410271907922276
2017-12-27,0.12674805771817876
2018-01-03,0.12928243042097254
2018-01-10,0.15114393754643363
2018-01-17,0.16244114866452897
2018-01-24,0.15038603141772722
2018-01-31,0.10196989809943702
2018-02-07,0.06801619948580218
2018-02-14,0.09025420412447627
