UNITID,LAT,LNG
100654,34.7936653,-86.57152880000001
100663,33.4990618,-86.816598
100706,34.7234403,-86.6440418
100724,32.3650918,-86.2956923
100751,33.2140233,-87.5391418
100760,32.9244497,-85.94710859999999
100858,32.6098566,-85.48078249999999
100937,33.5162196,-86.8500962
101073,32.4253947,-87.0177618
101116,32.342729,-86.216402
101143,31.29836269999999,-85.83642290000002
101161,30.8516559,-87.7773586
101189,32.38258,-86.218042
101240,33.9959754,-85.9917038
101286,31.3156396,-85.4666895
101295,34.0598451,-86.7695439
101301,32.4382251,-87.0144619
101435,32.350121,-86.285427
101453,34.8560265,-87.66270879999999
101462,34.7707819,-86.575943
101471,32.5812498,-86.3910341
101480,33.8301421,-85.7608169
101499,31.1012658,-87.08539859999999
101505,33.6518095,-86.70808760000001
101514,34.6493462,-86.9488724
101541,32.62991969999999,-87.3185795
101569,33.4510099,-86.88955
101602,31.319973,-86.4511053
101675,33.480831,-86.90826799999999
101693,30.7964605,-88.1241048
101709,33.5350615,-86.5660626
101736,34.7400193,-87.6776802
101879,34.8078404,-87.680476
101897,34.4930954,-85.8454024
101912,34.7529622,-86.6485379
101949,31.487996,-87.325121
101958,41.9286976,-87.96341989999999
101994,31.43565689999999,-86.95609170000002
102030,30.695495,-88.05565299999999
102049,33.465659,-86.7919957
102067,33.1210689,-87.56198719999999
102076,34.2015775,-86.16988769999999
102094,30.6954258,-88.1752139
102234,30.6870019,-88.1354984
102298,33.4327519,-86.1135613
102313,32.350042,-86.34314599999999
102368,31.7972059,-85.9517144
102377,32.430112,-85.70669099999999
102429,33.836824,-87.26602899999999
102669,61.18949000000001,-149.8066265
103893,33.5615678,-112.1160553
104151,33.4219437,-111.9400636
104160,32.688474,-114.4948775
104179,32.2327247,-110.9508944
104346,32.9577551,-111.6521557
104425,31.3713602,-109.6895915
104577,32.8433772,-109.7618877
105206,35.2686371,-114.0290679
105330,None,None
105349,34.9278449,-110.1428484
105525,32.2220444,-110.8865324
105534,32.2501705,-110.9213716
105543,35.1048203,-106.5947788
105589,34.5448304,-112.4766192
105659,33.4484972,-111.989313
106041,33.4528335,-112.2877665
106148,34.5480888,-112.4559107
106245,34.7216432,-92.3415717
106306,34.73486380000001,-92.29049680000001
106342,35.7792058,-91.6283696
106397,36.0699791,-94.17697249999999
106412,None,None
106449,35.0704545,-91.8951177
106458,35.8488195,-90.6664838
106467,35.293186,-93.135701
106485,33.6297981,-91.80223960000001
106625,36.2398243,-90.95139300000001
106704,35.079147,-92.454256
106713,35.0831613,-92.44488009999999
106795,34.043468,-94.36825089999999
106810,36.066437,-90.584504
106883,35.0416201,-90.7677515
106980,34.5143126,-93.1197261
106999,35.792075,-91.617329
107044,35.2486511,-91.72653050000001
107071,34.1261026,-93.05873
107080,35.1015319,-92.4432029
107141,36.1915718,-94.5586525
107318,35.1456656,-90.2238067
107327,35.8986758,-89.91882799999999
107460,36.2206258,-93.08883829999999
107512,34.125017,-93.0527941
107549,36.0537976,-91.8970003
107558,35.4758733,-93.4662254
107585,35.1719646,-92.72951309999999
107600,34.73715019999999,-92.2829963
107619,34.5456561,-90.6169707
107637,34.2099166,-92.02702149999999
107664,34.78200229999999,-92.2994751
107725,33.6439078,-93.5932551
107743,34.591978,-94.22015139999999
107877,36.12458609999999,-90.93904979999999
107974,33.209832,-92.6655001
107983,33.2931401,-93.2321511
107992,33.6322452,-92.7177303
108092,35.3848407,-94.3726531
108232,37.7879584,-122.4004678
108807,34.9437354,-120.4215218
108852,34.0953776,-118.343701
109651,34.1687088,-118.18513
109785,34.1291939,-117.8890242
110097,33.9057332,-118.0179863
110246,39.647498,-121.6450627
110361,33.9284053,-117.4255589
110370,37.7673765,-122.399486
110404,34.1356666,-118.12724
110413,34.2244935,-118.8772454
110422,35.3004871,-120.6578793
110486,35.350918,-119.1034303
110495,37.5250729,-120.8553947
110510,34.1781636,-117.3221477
110529,34.0597917,-117.8195142
110538,39.726328,-121.839373
110547,33.8653106,-118.2590121
110556,36.8108284,-119.7462226
110565,33.8791104,-117.8835005
110574,37.6571283,-122.0567449
110583,33.7830608,-118.1148909
110592,34.0667698,-118.1684392
110608,34.237378,-118.5281711
110617,38.5581817,-121.4214723
110635,37.8696688,-122.2516197
110644,38.5398745,-121.7548688
110653,33.6484038,-117.8412259
110662,34.0725988,-118.439277
110671,33.9754243,-117.3315961
110680,32.8800604,-117.2340135
110705,34.4162819,-119.8464146
110714,37.000369,-122.0632371
111009,37.7656301,-122.4029238
111081,34.3929413,-118.5678283
111948,33.7930016,-117.8524805
112075,33.6545502,-117.8123154
112190,37.724695,-122.4529324
112260,34.1020742,-117.7064979
112446,32.8219763,-117.1363102
112826,37.968654,-122.340449
113634,37.9685658,-122.0712718
113698,37.9798523,-122.5134504
113856,34.0411583,-118.1509885
114354,34.0441185,-118.2600399
114789,36.7681866,-119.7971561
114813,36.725459,-119.73422
115409,34.1061112,-117.7089441
115728,37.8029258,-122.186977
115755,40.8770251,-124.0791468
115773,38.0114709,-121.31614
116846,34.1287275,-118.4719173
117052,36.6063848,-119.4610896
117104,34.0987652,-117.829457
117140,34.1008542,-117.7732346
117627,33.9107229,-117.5001118
117690,33.784208,-118.2837149
117706,34.1836461,-118.5801782
117715,33.9307202,-118.3062636
117724,34.0325515,-118.2697468
117733,34.1757062,-118.4201438
117751,34.3817734,-118.5175513
117788,34.0892322,-118.292904
117867,34.3151143,-118.4200526
117894,38.005398,-121.8603083
117928,37.7794949,-122.414318
117946,33.9708101,-118.4193224
118198,38.6610193,-121.3423283
118259,38.64453719999999,-121.380696
118286,33.1724977,-117.2206689
118541,33.7349893,-118.3335466
118693,37.4560638,-122.1920741
118888,37.7773714,-122.1842278
118967,34.1830675,-118.396597
119164,34.0451762,-117.846611
119173,34.0839639,-118.4815446
119270,34.1012311,-118.3375882
120184,37.5173394,-122.2867436
120254,34.1273233,-118.2102962
120403,33.9562658,-118.4173143
120883,37.979749,-121.3092132
121044,34.1431011,-118.1203829
121150,34.0390661,-118.7056781
121257,34.1036159,-117.7038664
121275,32.763744,-117.063475
121309,32.7183123,-117.2502505
121345,34.099078,-117.7145536
121691,34.0624622,-117.163147
122366,33.1228816,-117.2832261
122409,32.7747307,-117.0693867
122436,32.7720928,-117.1888956
122506,37.7754682,-122.4203388
122597,37.7227669,-122.4767213
122612,37.7765426,-122.4506452
122685,36.3277836,-119.3850689
122728,38.8196946,-121.2925145
122755,37.3351424,-121.8812758
122931,37.3499438,-121.9406449
123165,34.1033704,-117.7113434
123554,37.8413472,-122.1101353
123572,38.3401919,-122.6741261
123642,33.7883358,-117.8740446
123679,33.7747268,-117.9383555
123961,34.0309703,-118.2789735
124292,34.4293241,-119.0887955
124937,34.1863481,-118.4035766
125471,34.0045161,-118.389176
125532,38.5560444,-121.371533
125727,34.4499976,-119.659539
125763,33.9787488,-118.0322857
125897,34.2076585,-118.3412543
126182,37.470375,-105.880064
126289,39.6083162,-105.0190322
126359,39.68615399999999,-104.875901
126562,39.74602489999999,-104.999083
126580,38.88914,-104.7882856
126605,39.9149962,-105.1180767
126614,40.0034113,-105.2677661
126669,39.711362,-105.0945143
126678,38.847021,-104.823665
126702,39.7355892,-104.9857774
126748,40.078161,-108.7896131
126784,39.7418468,-105.1042432
126818,40.5747743,-105.0807267
126827,38.8942226,-104.8342439
126863,39.7172096,-104.802555
126942,39.7412269,-105.0013295
126951,39.776513,-104.856172
127060,39.6766368,-104.9614844
127185,37.2763114,-107.8673064
127200,39.9014731,-105.0378855
127316,38.9140953,-104.787275
127389,38.0680924,-102.6163474
127556,39.0788975,-108.5541176
127565,39.7400226,-104.9980469
127617,40.2587361,-103.7719175
127680,38.9522214,-104.7906562
127732,40.6361666,-103.1986767
127741,40.3935699,-104.7443041
127778,37.9714393,-103.5432222
127820,38.7646232,-104.7862045
127884,38.2630749,-104.6371726
127909,39.7202119,-105.1497613
127945,39.7433612,-105.0699434
128106,38.3070163,-104.5796393
128188,39.1162666,-108.5306405
128258,37.1732795,-104.5146953
128391,38.5460344,-106.9173511
128577,42.0000268,-72.5697849
128683,41.6304329,-72.92032999999999
128744,41.164718,-73.1903141
128771,41.6931908,-72.76384929999999
128902,41.3797492,-72.104343
129020,41.8088143,-72.2498767
129215,41.7188674,-72.2190755
129242,41.15388670000001,-73.2580608
129367,41.7681975,-72.6728629
129525,41.7986018,-72.7140108
129543,41.1752562,-73.191795
129695,41.76226459999999,-72.56707229999999
129729,41.54932900000001,-73.07355299999999
129756,41.5391632,-72.6107534
129774,41.3272135,-72.0924139
129808,41.5097761,-72.1044154
129941,41.2922692,-72.9607972
130004,41.102614,-73.450294
130040,41.9220184,-73.0596553
130110,41.3476067,-72.9353899
130217,41.825226,-71.88994799999999
130253,41.2229397,-73.2427173
130314,41.780976,-72.72846550000001
130396,41.3045457,-72.9272621
130448,41.201187,-73.20165349999999
130493,41.3322047,-72.9464703
130590,41.7466539,-72.6925357
130606,41.7062915,-72.8787311
130697,41.5563557,-72.6561627
130776,41.400054,-73.446533
130794,41.3111478,-72.9266477
130934,39.1850642,-75.5418308
131098,39.1632404,-75.52723809999999
131113,39.6498564,-75.62018669999999
131159,38.936049,-77.08876649999999
131283,38.9369141,-77.0003067
131399,38.9445169,-77.0657105
131450,38.9167234,-77.02294549999999
131469,38.9009637,-77.0476606
131496,38.9076729,-77.071613
131520,38.9224403,-77.0210981
131830,38.90999,-77.0651259
131876,38.9275799,-77.0031197
132338,26.1009883,-80.1235366
132408,30.9626164,-85.5046179
132471,25.8790842,-80.1963899
132602,29.2131821,-81.032331
132693,28.3840432,-80.7550504
132709,26.119446,-80.141768
132851,29.1658676,-82.1780983
132879,28.301658,-81.362402
132903,28.5968774,-81.2033083
133021,30.7893796,-85.232429
133386,29.2034388,-81.0498333
133465,26.6922008,-80.1983613
133492,27.719007,-82.68860769999999
133508,26.5512125,-81.8873911
133526,30.3436937,-81.6836704
133553,29.1885916,-81.05344099999999
133650,30.4272563,-84.2856115
133669,26.373303,-80.109009
133702,30.335065,-81.662342
133711,29.89305239999999,-81.3149756
133809,28.034409,-82.383043
133881,28.0640125,-80.6242041
133951,25.7590369,-80.37412929999999
133960,24.5843489,-81.744976
133979,25.9182546,-80.27078999999999
133997,25.7552134,-80.3668521
134079,28.0296648,-81.9449388
134097,30.4404775,-84.2908283
134112,28.5732919,-81.1965375
134130,29.6516344,-82.32482619999999
134237,28.5965501,-81.3013416
134343,30.1856374,-85.7279634
134495,27.9348426,-82.45627759999999
134510,27.064202,-80.130433
134608,27.4219692,-80.357846
134945,30.3507909,-81.606326
135160,30.1893893,-82.63928849999999
135188,28.82808069999999,-81.79705179999999
135267,26.6475325,-81.83653509999999
135391,27.439483,-82.594276
135717,25.7775568,-80.19103729999999
135726,25.7191685,-80.2771253
136066,26.7560212,-80.0925577
136145,30.4734046,-83.4235381
136172,30.2706682,-81.5104313
136233,30.5347084,-86.47285409999999
136358,26.6117786,-80.0872773
136400,28.2759608,-82.64740719999999
136473,30.4808027,-87.20191849999999
136516,28.0329108,-81.7136508
136774,27.360496,-82.54875419999999
136950,28.5926397,-81.3483372
137032,28.3382635,-82.25784970000001
137078,27.9025272,-82.7173478
137096,29.6771331,-82.4304063
137209,28.7441527,-81.30555679999999
137281,29.6458337,-81.6815312
137315,27.5686911,-81.5076514
137351,28.0681115,-82.40486829999999
137476,25.922003,-80.2532694
137546,29.0366133,-81.3032905
137564,28.0314996,-81.9180616
137759,30.44427009999999,-84.34044229999999
137953,30.3100098,-81.79624489999999
138187,28.5207946,-81.4713668
138284,30.774153,-85.552896
138293,27.8377618,-81.5314696
138354,30.5491387,-87.21858619999999
138558,31.4819694,-83.52825880000002
138600,33.7682498,-84.29448889999999
138682,31.554176,-84.17434399999999
138691,31.581787,-84.21373799999999
138716,31.5711008,-84.1444411
138761,31.7722937,-84.79495310000001
138789,31.97818669999999,-81.1650166
138813,33.93600929999999,-84.3553493
138840,33.7107783,-84.4023694
138868,32.8791226,-85.1847494
138901,33.7098439,-84.4054456
138947,33.7482561,-84.4130399
139010,30.9035303,-84.5438841
139144,34.2904917,-85.1879616
139153,33.7368694,-84.3577786
139199,34.303076,-83.818871
139205,32.1857919,-82.5847649
139214,33.7847897,-84.3897265
139250,31.1832206,-81.48698019999999
139278,33.6915607,-85.1835163
139311,33.5944329,-84.33076100000001
139357,32.5081204,-84.97843449999999
139366,32.5039,-84.9392331
139384,34.2239951,-85.1710231
139393,34.9665341,-85.3743427
139463,34.77726,-85.0022215
139621,32.5938846,-82.30629119999999
139630,34.28149750000001,-83.1489383
139658,33.7894134,-84.32553399999999
139700,34.169222,-85.2066467
139719,32.53709070000001,-83.89823270000001
139755,33.7724173,-84.39479159999999
139764,32.0577513,-84.22053559999999
139861,33.0827689,-83.2318512
139931,None,None
139940,33.7534327,-84.38590719999999
139959,33.9562553,-83.3740399
139968,33.0477241,-84.1536461
139986,33.255097,-84.2900478
139995,33.7106505,-84.17986160000001
140003,33.9012642,-84.12183379999999
140012,33.9625443,-84.07033369999999
140234,33.037953,-85.04593799999999
140243,34.2356039,-83.86395189999999
140252,33.93127,-84.51742639999999
140331,33.929232,-84.55335319999999
140447,32.8289979,-83.6501825
140678,34.6385651,-83.5262238
140696,33.8759378,-84.3347556
140720,33.4695551,-81.9932536
140872,34.3133175,-84.5407649
140942,32.02321,-81.1146083
140951,32.072944,-81.093773
140960,32.0229767,-81.05557560000001
140988,34.2634127,-85.1917422
141006,32.1176645,-84.19166129999999
141167,30.8158653,-83.9656962
141185,34.5943591,-83.3562681
141237,34.5943163,-83.7489526
141255,30.8892928,-83.3548926
141264,30.8465653,-83.29002340000001
141325,32.8745489,-83.7123998
141334,33.5735847,-85.09771599999999
141361,34.93306,-83.84656500000001
141486,21.2893825,-157.8061675
141565,19.701598,-155.081293
141574,21.2979324,-157.8208122
141644,21.3104109,-157.8596332
141680,21.3204564,-157.8692274
141796,21.2714311,-157.8012813
141802,21.9649666,-159.421386
141811,21.392589,-157.9838322
141839,20.8901594,-156.4806044
141990,21.4081617,-157.8123418
142090,43.657882,-116.29056
142115,43.6049685,-116.2067524
142179,43.486112,-111.9871411
142276,42.8619559,-112.4329533
142285,46.7288124,-117.0126084
142294,43.653597,-116.6768761
142328,46.4121153,-117.0263232
142407,42.5936244,-114.4617111
142522,43.8208449,-111.7823667
143048,41.8809789,-87.6266205
143084,41.5051381,-90.5472032
143118,41.7549208,-88.3476948
143288,39.2886353,-89.87298990000001
144005,41.719584,-87.61087909999999
144050,41.7895762,-87.60093239999999
144157,41.7782973,-87.64390039999999
144166,41.87780739999999,-87.67452519999999
144175,41.7105365,-87.59211599999999
144184,41.9647341,-87.6589607
144193,41.7565084,-87.7239077
144209,41.8860232,-87.62685189999999
144218,41.9588117,-87.78832849999999
144281,41.8741947,-87.6247696
144467,41.8980092,-87.638611
144740,41.8777442,-87.6272303
144892,39.4836164,-88.1751377
144962,41.896216,-87.9461793
144971,40.71398,-89.267575
145372,38.8941304,-89.4091274
145460,41.8741947,-87.6247696
145600,41.8737629,-87.6509962
145619,41.77886280000001,-88.09489789999999
145637,40.1088318,-88.23003729999999
145646,40.4911735,-88.9910657
145691,39.7312595,-90.24609009999999
145725,41.8313959,-87.6272312
145813,40.5093912,-88.98950020000001
146296,41.5007756,-88.1799424
146427,40.9434729,-90.3701785
146481,42.250595,-87.8277062
146676,40.1575092,-89.3606727
146719,41.99864789999999,-87.6578433
146825,39.7320718,-90.2225976
147013,38.6113247,-89.81407
147244,39.8433566,-88.975267
147341,40.9137541,-90.6388503
147378,41.6922508,-87.83893560000001
147439,39.8460768,-88.9335669
147660,41.7757531,-88.1428133
147703,41.9339755,-88.77985369999999
147749,41.9686374,-87.75978060000001
147767,42.0506258,-87.679727
147767,42.0506258,-87.679727
147776,41.9814145,-87.718724
147800,42.0633881,-87.88022260000001
147828,41.1551311,-87.874156
148131,39.9405592,-91.3855138
148335,41.8763772,-87.6271989
148399,42.2557123,-89.0275479
148487,41.87599580000001,-87.62485509999999
148496,41.902411,-87.822057
148627,41.7069171,-87.7161339
148821,37.2719682,-89.0353966
148876,41.97235939999999,-87.6627919
149222,37.7135609,-89.21767009999999
149231,38.8117442,-89.953223
149310,41.8796231,-87.6361052
149532,41.9150378,-87.83885889999999
149639,41.8367645,-87.6291973
149772,40.462711,-90.6817531
149781,41.868737,-88.09960579999999
149842,42.08033330000001,-88.07060829999999
150048,41.3377279,-86.4451627
150066,40.1114679,-85.6650798
150145,41.6775384,-86.1887477
150163,39.8400607,-86.17203660000001
150400,39.6408691,-86.86032689999999
150455,39.8239393,-84.9130069
150534,37.9702202,-87.5341366
150604,39.4787892,-86.0459398
150668,41.562224,-85.82802579999999
150677,41.225148,-85.812665
150756,38.7189081,-85.46231519999999
150774,41.7005771,-86.25121419999999
150987,39.8039066,-86.1580864
151102,41.1208835,-85.10504569999999
151111,39.7737388,-86.1752156
151166,39.7672417,-86.14759149999999
151263,39.709623,-86.1364602
151306,37.9614351,-87.6761982
151324,39.4683597,-87.40740319999999
151333,40.4594254,-86.1316461
151342,41.6651913,-86.21886719999999
151351,39.16609,-86.5265478
151360,41.5572569,-87.3376207
151379,38.3434858,-85.81707399999999
151388,39.866598,-84.8883743
151467,39.8854995,-86.04166099999999
151661,39.8865861,-86.24637659999999
151786,39.8168746,-86.20158420000001
151810,39.7984208,-86.1023903
151962,38.3121134,-85.7446281
152080,41.7030267,-86.2390726
152099,38.3395434,-87.352751
152248,41.5877606,-87.4750581
152266,41.5865962,-86.89689800000001
152318,39.48338529999999,-87.3248675
152336,41.0878185,-85.177343
152363,40.9192838,-87.1550075
152381,39.50714,-87.4607139
152390,41.7073021,-86.2572448
152497,40.4264762,-86.8810877
152530,40.4579819,-85.4977866
152600,41.4602103,-87.03665939999999
152637,38.6878205,-87.5215703
152673,40.0359521,-86.90474499999999
152992,42.5263769,-96.4281821
153001,42.6419535,-95.2073401
153074,42.4973392,-90.6655574
153126,42.5101836,-90.6922883
153144,41.9885896,-91.65739769999999
153162,41.9245718,-91.42376519999999
153171,42.0152688,-92.9150598
153241,42.4408174,-90.9323963
153250,43.0815865,-96.16988260000001
153302,42.5105975,-90.70558779999999
153320,41.7370765,-93.62447159999999
153339,42.65379859999999,-95.2014267
153366,40.6163357,-93.9231008
153375,41.6208228,-93.6043665
153384,41.7469499,-92.7230514
153418,41.9495256,-91.7135902
153597,41.624764,-93.7118995
153603,42.0261746,-93.64844049999999
153621,40.9730492,-91.5521191
153658,41.6618822,-91.5365051
153746,42.5143264,-92.4336882
153764,41.6607434,-93.7386691
153782,42.5001796,-94.16348239999999
153834,43.3138827,-91.8070017
153861,41.0177122,-91.96728329999999
154004,42.4746152,-96.35970069999999
154013,42.002547,-91.652073
154095,42.514711,-92.45956810000001
154101,42.9979504,-96.05741300000001
154165,41.0233459,-92.4178606
154332,41.5728377,-90.56815569999999
154341,41.6467529,-91.5327951
154350,41.3658787,-93.5651694
154448,41.5751989,-90.53885509999999
154493,42.8385298,-91.80134790000001
154527,42.7275813,-92.4811216
154545,42.4961737,-92.3353753
154590,41.3089163,-92.6476148
154712,39.5749378,-95.11320239999999
154721,38.5800347,-97.6744192
154749,38.0749222,-97.34131769999999
154776,38.8052286,-97.6138786
154855,38.3571079,-97.667717
155007,39.1122642,-94.6507259
155061,38.8731404,-99.34021039999999
155070,37.6209975,-99.1043105
155089,37.6776378,-97.3665188
155177,38.1345466,-97.4339328
155210,38.9243379,-94.726621
155283,39.06803,-94.58972
155317,38.958542,-95.2476138
155335,37.6714715,-97.3770225
155399,39.18862439999999,-96.5810747
155414,38.8134816,-97.6093619
155496,39.1860646,-96.57881760000001
155520,38.8742486,-94.7846711
155627,38.6029423,-95.2637339
155812,39.2783084,-94.9063137
155900,37.2500656,-96.97586290000001
155937,38.2199287,-98.20708189999999
156213,37.8628325,-84.6627336
156277,37.8663142,-84.58053970000002
156286,38.2161003,-85.702846
156295,37.5717311,-84.2897389
156310,36.9797866,-86.4693647
156356,37.7687914,-87.1124344
156365,37.3443086,-85.34798839999999
156408,37.6450353,-84.7777339
156417,36.713492,-83.732858
156426,37.9802059,-84.54826369999999
156541,36.7371496,-84.1638243
156620,37.7339804,-84.3005447
156745,38.20740079999999,-84.55679769999999
156754,37.0125818,-85.922293
156842,38.2488576,-85.57885929999999
157021,38.0269509,-84.4211236
157085,38.0378909,-84.5071968
157100,38.339171,-82.946523
157270,38.199648,-85.688788
157289,38.2150536,-85.76014339999999
157377,38.1445932,-84.6772506
157386,38.1871152,-83.4339966
157401,36.6124534,-88.3236652
157447,39.0351545,-84.4540683
157535,37.4789954,-82.52114329999999
157614,38.2557649,-85.65752239999999
157650,37.6973281,-85.87856529999999
157669,38.1671574,-85.83086229999999
157678,39.0096398,-84.6290021
157757,38.24154770000001,-85.7588742
157766,38.1764332,-85.8195427
157809,39.0207707,-84.5668496
157818,38.0528459,-84.49226929999999
157863,36.8713294,-83.89052009999999
157951,36.9844038,-86.45619839999999
158343,30.4220835,-91.080879
158352,30.4769305,-91.1555463
158431,32.5395936,-93.64676229999999
158440,29.9659837,-90.0887678
158477,32.4836634,-93.7332287
158723,30.2286973,-93.2141437
158802,29.9948773,-90.0675421
159009,32.5221156,-92.71450469999999
159197,30.3699554,-91.0308182
159382,31.1781285,-92.414097
159391,30.4150012,-91.1789198
159407,30.4746996,-92.43407440000001
159416,32.4274274,-93.70492190000002
159568,31.325387,-92.4267002
159647,32.52688,-92.64820530000001
159717,30.1778925,-93.2196002
159966,29.7907423,-90.8028602
159993,32.528963,-92.0762487
160038,31.7401783,-93.1272795
160074,30.4001296,-91.1105056
160409,30.5268522,-90.1136423
160612,30.514,-90.46753609999999
160621,32.5108048,-92.1091453
160649,32.5442481,-93.83460939999999
160658,30.21532029999999,-92.01909169999999
160959,44.395359,-68.221822
160977,44.1067532,-70.20420039999999
160995,44.7867148,-68.7862741
161004,43.906895,-69.96520579999999
161077,44.1327982,-70.2328833
161086,44.5638691,-69.6626362
161138,44.8260177,-68.7442705
161192,44.5951037,-69.6111234
161217,44.3422294,-69.7944639
161226,44.6691179,-70.14898769999999
161235,47.2503875,-68.5893628
161244,44.7078391,-67.45599469999999
161253,44.8955674,-68.6735534
161299,44.3871825,-68.7985098
161341,46.6722917,-68.0162995
161484,46.6938671,-68.0338709
161509,43.6556892,-70.26074899999999
161518,43.8270194,-70.4826594
161545,43.6490443,-70.2286139
161554,43.6621143,-70.2777677
161563,44.5239503,-69.66422469999999
161572,44.6050718,-69.3301614
161581,45.16595909999999,-67.2428512
161767,39.0490132,-76.5167488
161864,39.3207741,-76.6619365
162007,39.0167504,-76.7612748
162061,39.0470439,-76.852139
162104,39.6410412,-75.95645789999999
162210,38.9868441,-77.0012376
162283,39.31004,-76.65868800000001
162557,39.4518808,-77.41846869999999
162584,39.6498745,-78.9345618
162654,39.408765,-76.59654499999999
162681,39.673767,-77.722675
162706,39.5612601,-76.2860611
162760,39.4213829,-77.4202024
162779,39.212315,-76.87844810000001
162928,39.3262044,-76.6208832
163046,39.3512609,-76.61471329999999
163204,38.9864985,-76.9539916
163268,39.25526079999999,-76.7154109
163286,38.9896967,-76.93776
163295,39.3074853,-76.6216858
163426,39.0973684,-77.15773519999999
163453,39.3442455,-76.58243879999999
163462,39.6838492,-77.34924269999999
163578,39.3519363,-76.6218536
163657,38.8875129,-76.8271164
163736,39.2606691,-76.665697
163851,38.3442366,-75.60549209999999
163912,38.1880114,-76.4238269
163976,38.9815431,-76.4913256
164076,39.3947603,-76.6044957
164173,39.4213621,-76.7017879
164216,39.21674,-76.06800799999999
164270,39.5858492,-77.0031241
164447,42.1138783,-72.5573687
164465,42.3738162,-72.5189154
164492,42.327075,-71.91794399999999
164562,42.29341609999999,-71.82994
164580,42.2990202,-71.26234629999999
164632,42.0555615,-72.5838321
164720,42.2690259,-71.81191199999999
164739,42.38715,-71.2186953
164748,42.3465835,-71.08952049999999
164775,42.458053,-73.31688919999999
164872,42.34844469999999,-71.08575739999999
164924,42.3395108,-71.1659725
164988,42.349583,-71.099535
165015,42.365025,-71.2548772
165024,41.9875072,-70.9745404
165033,41.7213632,-71.1199531
165112,42.3750919,-71.0700432
165167,42.3687548,-71.1108259
165194,41.6913411,-70.3377406
165264,42.2607677,-71.0582755
165334,42.2494538,-71.8241953
165529,42.2379502,-71.1147822
165635,42.462157,-71.38722899999999
165644,42.2706785,-71.01261339999999
165662,42.3522392,-71.0657944
165699,42.5539801,-70.8426735
165802,42.35531,-71.07417
165820,42.5881824,-71.78977139999999
165866,42.2981072,-71.436075
165936,42.5881959,-70.8220757
165981,42.597705,-72.62682199999999
166018,42.326296,-72.5255574
166027,42.3748446,-71.11818339999999
166054,42.3167226,-71.1269339
166124,42.23813579999999,-71.8054925
166133,42.195533,-72.6511419
166391,42.343538,-71.2454956
166452,42.380162,-71.117232
166489,42.3786248,-71.12345239999999
166513,42.6539217,-71.3250036
166629,42.3861771,-72.5266757
166638,42.3160986,-71.038506
166647,42.3116043,-71.2643013
166674,42.3368239,-71.0992668
166683,42.3592444,-71.0931389
166692,41.7407714,-70.6219582
166823,42.0741986,-70.9897401
166850,42.667694,-71.12256099999999
166887,42.5093778,-71.27429090000001
166911,42.5501333,-70.8760047
166939,42.2575528,-72.5768166
166957,42.5931441,-71.9869533
167251,42.3312841,-71.1428026
167260,42.0381398,-71.9336697
167288,42.691554,-73.1033372
167297,42.3629395,-71.0545589
167312,42.5902655,-70.9678721
167358,42.34049570000001,-71.0878975
167358,42.34049570000001,-71.0878975
167376,42.7958144,-71.04709919999999
167394,42.1417644,-72.60148
167455,42.3208054,-71.15644859999999
167598,42.3514614,-71.308245
167631,42.329242,-71.095479
167729,42.502638,-70.890714
167783,42.3393661,-71.09993589999999
167835,42.3234534,-72.6467734
167899,42.1021856,-72.55662149999999
167905,42.11054980000001,-72.5787277
167987,41.6306559,-71.0083835
167996,42.0564164,-71.08077449999999
168005,42.358981,-71.0618016
168148,42.4184296,-71.1061639
168218,42.2951865,-71.30722229999999
168227,42.3360695,-71.09540179999999
168254,42.11349620000001,-72.52260869999999
168263,42.13174619999999,-72.7947404
168281,41.9660372,-71.18430470000001
168290,42.3419446,-71.105998
168342,42.7128303,-73.20304039999999
168421,42.274444,-71.8094162
168430,42.2698444,-71.84332839999999
168528,41.8986477,-84.0591213
168546,42.2439655,-84.74416579999999
168591,43.3796866,-84.6726752
168786,42.9597004,-85.6289243
169080,42.9295084,-85.5889329
169187,42.5388292,-83.1187381
169248,43.5911786,-84.77533079999999
169442,42.361213,-83.064067
169655,42.2862902,-83.4453466
169716,42.41715900000001,-83.1398009
169798,42.245993,-83.6244504
169910,43.6839924,-85.4825785
169947,43.0273502,-83.7390468
169983,43.013829,-83.714097
170000,42.919573,-85.690196
170037,42.9801473,-85.59209229999999
170082,42.9638087,-85.8883334
170091,42.754214,-84.6382659
170301,41.7139403,-86.9001686
170532,42.2896088,-85.5995119
170639,46.4935563,-84.3645595
170675,42.475651,-83.25004609999999
170790,42.5069588,-82.97465989999999
170806,42.3842285,-83.404726
170842,42.4168768,-83.15517690000001
170967,42.6672836,-83.1482951
170976,42.2758739,-83.7427632
171012,42.36496899999999,-83.1288486
171100,42.7369792,-84.48386540000001
171128,47.1184281,-88.548293
171137,42.3189371,-83.2300308
171146,43.019911,-83.6877307
171456,46.55650379999999,-87.40115349999999
171483,44.7653651,-85.58556879999999
171535,42.5954493,-83.2448295
171571,42.6744995,-83.2164429
171599,42.4433728,-84.92488019999999
171881,43.022184,-85.592714
172051,43.5136553,-83.96474289999999
172264,41.9043078,-84.01601389999999
172334,42.2064518,-84.5549522
172699,42.2851393,-85.6122304
173045,44.9662922,-93.2401008
173142,44.1664519,-93.9909617
173160,45.0575752,-93.1624341
173258,44.4613041,-93.15608399999999
173300,46.8648964,-96.770366
173328,44.950563,-93.15527
173452,44.3045069,-94.4720098
173489,46.7417021,-92.1575979
173647,44.3237484,-93.9757405
173665,44.96576890000001,-93.16532699999999
173887,44.9759118,-93.2754559
173902,44.9378927,-93.1690435
174066,44.9758602,-93.23451089999999
174075,47.8024741,-96.6097939
174118,45.0068664,-93.1729696
174127,44.9567576,-93.27456629999999
174154,45.05625329999999,-93.3662595
174233,46.8170318,-92.0844331
174251,45.58903170000001,-95.8969661
174437,44.969397,-93.261466
174491,45.0335594,-93.1689038
174747,45.5604658,-94.3216992
174792,45.5796953,-94.3939862
174817,44.0431898,-91.6954102
174844,44.4618913,-93.1827515
174862,44.88483799999999,-93.7425367
174899,46.8163661,-92.1080999
174914,44.9436851,-93.18896939999999
175005,44.92588680000001,-93.185092
175227,44.973011,-93.291001
175342,31.8760004,-91.1401578
175421,32.3198083,-90.16934719999999
175430,34.671012,-89.0293619
175607,33.4136243,-91.031903
175616,33.7457288,-90.7360092
175722,36.8347272,-121.3791551
175856,32.2977767,-90.2102889
175980,32.3186916,-90.1797555
176017,34.3659395,-89.5253597
176035,33.4947336,-88.41883729999999
176044,33.5126982,-90.3416715
176053,32.3359652,-90.32921569999999
176080,33.4564736,-88.7845226
176318,34.7749134,-89.44509359999999
176336,31.7485069,-89.14909159999999
176372,None,None
176406,32.4006802,-90.1570878
176479,31.3037965,-89.28997410000001
176628,38.9122184,-94.5914011
176770,37.22498,-93.289904
176789,38.837821,-94.544698
176910,39.3960168,-92.42743349999999
176947,39.1484797,-92.6841146
176965,38.7581171,-93.73837759999999
177065,38.9578722,-92.32640789999999
177083,40.2423699,-94.6834278
177117,37.8374959,-94.3691826
177144,40.1299865,-91.52691899999999
177214,37.2196487,-93.28615599999999
177302,38.9382373,-94.5296503
177339,37.2211819,-93.26433840000001
177418,38.6415452,-90.3158907
177542,39.7241427,-91.3851656
177551,38.631924,-90.224919
177579,38.70951580000001,-90.4074377
177746,39.046459,-94.58309899999999
177940,38.5628374,-92.1712833
177968,38.7869219,-90.4971776
177977,38.46754800000001,-91.814313
178059,38.6478834,-90.5051848
178110,37.3334894,-89.5732311
178183,38.5416283,-90.46248349999999
178244,38.646062,-90.4623043
178341,37.0979465,-94.45960079999999
178369,39.108868,-93.1902975
178387,39.76277899999999,-94.77761799999999
178396,38.945325,-92.328801
178402,39.03366949999999,-94.5762776
178411,37.9534444,-91.77556330000002
178420,38.7101379,-90.31110749999999
178615,40.1885963,-92.5820887
178624,40.3519414,-94.88381129999999
178679,37.1021975,-94.5113561
178697,36.6163199,-93.23937889999999
178721,39.191589,-94.6791187
178767,38.6329427,-90.2011332
178891,38.6530594,-90.2485022
179043,39.0306761,-94.5709368
179159,38.6346955,-90.23405869999999
179256,38.7755525,-90.29511269999999
179326,37.6015836,-93.41143339999999
179344,36.7286668,-91.85616979999999
179548,38.9517408,-92.32061279999999
179557,37.3148783,-89.52804379999999
179566,37.1985841,-93.27858119999999
179867,38.6475768,-90.3093425
179894,38.5905285,-90.34555519999999
179946,38.8500391,-91.9544836
179955,39.24768359999999,-94.4273274
179964,38.8602236,-91.95037630000002
180054,48.5519152,-113.0093085
180063,46.0127704,-112.5409618
180106,46.6013247,-112.0388419
180179,45.79726720000001,-108.5176261
180249,47.4855855,-111.2697866
180258,47.4913797,-111.2703462
180276,46.5956521,-112.0158423
180461,45.6667557,-111.04981
180522,48.5411668,-109.6857625
180595,45.7968904,-108.5557902
180647,47.5974854,-114.1117964
180832,41.2587249,-95.9751623
180948,42.8212889,-103.0019024
180957,40.8111689,-96.70516049999999
180984,40.9150018,-97.090607
181002,41.2651072,-95.9475985
181020,40.6251034,-96.9439527
181093,41.24678129999999,-95.9277626
181190,40.81306,-96.6413893
181215,40.7006228,-99.0925816
181242,40.808828,-96.694132
181297,41.2658712,-96.0485429
181330,41.43751200000001,-96.4897867
181376,41.121667,-96.093209
181394,41.2581216,-96.01071209999999
181400,41.3094438,-96.0727416
181446,40.8387836,-96.6475961
181464,40.8169285,-96.701134
181534,40.475025,-95.7340136
181604,41.2398051,-96.0232175
181738,40.7753371,-96.65153490000002
181765,40.6354483,-100.5104095
181783,42.23974339999999,-97.0131371
181941,39.5410877,-119.7193925
182005,36.1558466,-115.2322301
182281,36.1067318,-115.143628
182290,39.619174,-119.8905759
182306,40.8414939,-115.7692201
182500,39.570288,-119.797817
182564,39.1860227,-119.791009
182634,43.4143404,-71.971789
182670,43.704034,-72.2899456
182795,42.7789401,-72.0554831
182980,43.1798819,-71.82279559999999
183026,43.0384372,-71.4539856
183044,43.1359259,-70.9324341
183062,42.9254972,-72.28035369999999
183080,43.759527,-71.6881916
183211,42.7386986,-71.457278
183239,42.98683219999999,-71.5037827
183275,42.8055831,-71.48556669999999
183655,39.4583775,-74.6844611
183743,40.9516735,-74.0939011
183789,40.9005274,-74.1870398
183822,40.7949394,-74.19667059999999
183859,40.3263561,-74.1311317
183877,39.9645,-74.64290000000001
183910,40.8356398,-74.2697785
183938,39.7855923,-75.0378157
183974,40.846818,-74.83442099999999
184180,40.86007619999999,-74.57790779999999
184205,39.441682,-75.057259
184348,40.7616176,-74.42069219999999
184481,40.7378169,-74.1763825
184603,40.894777,-74.0303125
184612,40.8665276,-74.0955484
184773,40.0997898,-74.2274498
184782,39.708358,-75.118032
184791,39.78106349999999,-75.1230686
184968,40.8812832,-74.0092913
184995,40.7312136,-74.0627386
185129,40.7095263,-74.0872064
185174,40.8873241,-74.5526134
185509,40.25517050000001,-74.6534465
185536,40.5043346,-74.36795699999999
185572,40.2782763,-74.0064172
185590,40.8576551,-74.20020389999999
185828,40.7416643,-74.18564719999999
185873,40.0068331,-74.16399009999999
186131,40.3497981,-74.66055879999999
186201,41.0819319,-74.175816
186283,40.2809335,-74.73915339999999
186432,40.7271114,-74.0715015
186584,40.7425259,-74.2460794
186618,40.781949,-74.4367425
186645,40.61085,-74.6933756
186867,40.7441559,-74.0245929
186876,39.491612,-74.5314653
187000,40.8414213,-74.0713651
187134,40.2684386,-74.7776962
187198,40.666811,-74.317486
187444,40.9426676,-74.1973551
187532,35.0752832,-106.6250318
187620,32.3538213,-106.7377377
187958,35.5013844,-108.7288756
187967,34.0677933,-106.9042281
187976,35.8853086,-106.3201015
187985,35.0893968,-106.6246758
187994,32.9194618,-105.9254024
188003,32.4410414,-104.2598345
188021,35.1665585,-107.843142
188030,32.2825066,-106.7530651
188049,34.7297024,-106.7054093
188182,32.7750423,-103.1948846
188225,36.3488142,-105.651806
188641,42.2532773,-77.7875935
188678,40.7455772,-73.9848624
188687,40.7691678,-73.99403339999999
188696,40.7345839,-73.99862949999999
188854,40.7723812,-73.98786969999999
188915,42.1000552,-76.82794779999999
188942,40.6659617,-73.9498508
189088,42.0216174,-73.90840969999999
189097,40.809974,-73.962904
189413,40.8334512,-73.9457638
189422,40.7214197,-73.8486779
189459,40.759549,-73.4901016
189547,42.13518250000001,-75.9124811
189592,43.2405383,-77.69557329999999
189705,42.9272065,-78.8528401
190044,44.6636149,-74.9974438
190099,42.822465,-75.541671
190114,40.7085735,-74.0149887
190150,40.8080586,-73.96400840000001
190169,42.2172094,-73.8179269
190248,40.9426774,-73.8221476
190415,42.4472814,-76.4831835
190442,42.11725939999999,-77.0735445
190451,43.0406212,-76.13752509999999
190503,41.7457259,-73.93276740000002
190512,40.7401991,-73.9833745
190521,40.7174776,-74.0122933
190530,40.8567706,-73.9105102
190549,40.6310471,-73.9544428
190558,40.6012497,-74.1503607
190567,40.8197406,-73.9505357
190585,40.8181423,-73.9269056
190594,40.7685437,-73.9651879
190600,40.7707237,-73.9892342
190619,40.5788558,-73.9324
190628,40.7438795,-73.9351386
190637,40.8725615,-73.8934515
190646,40.6663495,-73.9580807
190655,40.6954929,-73.98756809999999
190664,40.7362342,-73.81607939999999
190673,40.7554985,-73.7565195
190691,40.7022966,-73.7960148
190716,42.9025892,-78.890939
190725,42.9650703,-78.78975729999999
190761,41.0471959,-73.9505947
190840,41.7252239,-73.9039253
190956,42.802969,-73.9159116
190974,42.0900355,-76.8091124
190983,42.0954345,-76.81632239999999
191199,42.8671852,-77.2410092
191241,40.861203,-73.8892181
191339,43.016226,-78.137984
191515,43.0522293,-75.406566
191533,42.4573534,-75.07288679999999
191612,43.0322822,-75.00624599999999
191621,42.7552838,-78.8224092
191630,42.8544472,-76.9852761
191649,40.716792,-73.5994041
191676,42.4266355,-78.1567104
191719,42.695377,-73.681237
191931,40.9250263,-73.78831149999999
191959,40.6756089,-73.41680099999999
191968,42.4199334,-76.49694559999999
191986,42.1159682,-79.2200873
192004,42.0955456,-79.2497403
192022,43.99198759999999,-75.93575469999999
192110,40.7722159,-73.9849897
192192,42.61532709999999,-77.0905313
192271,40.759809,-73.975067
192323,43.049228,-76.0887729
192439,40.6905175,-73.9808893
192448,40.8175907,-73.59652799999999
192509,40.7602354,-73.8294545
192703,40.8897393,-73.9018573
192749,41.0319357,-73.7159001
192785,42.6570112,-73.8065933
192819,41.7225603,-73.9324651
192864,40.7687977,-73.9597924
192925,42.928608,-78.8559545
193016,41.0219033,-73.87331809999999
193283,43.07700699999999,-75.218217
193292,40.6849156,-73.6270373
193308,40.8644448,-73.9002497
193326,43.1046748,-77.6133815
193353,41.5130521,-74.0124836
193399,40.9124186,-73.9030114
193478,40.7297555,-73.592377
193584,43.101447,-77.5169235
193609,40.7565616,-73.9653256
193645,40.9018977,-73.7813397
193900,40.7294229,-73.9972145
193946,43.1471493,-78.877364
193973,43.1365152,-79.0353197
194091,40.8197037,-73.6006096
194161,41.08636569999999,-73.9310048
194222,43.0043288,-76.1978987
194240,41.4386164,-74.42610429999999
194310,40.7113533,-74.00504269999999
194392,44.4393179,-74.2563022
194569,42.1010556,-75.96239849999999
194578,40.691784,-73.96343209999999
194666,40.6318764,-73.985069
194824,42.7292744,-73.6772829
194958,43.1262791,-77.79774499999999
195003,43.0860023,-77.6745378
195030,43.12776969999999,-77.6281312
195164,42.0799022,-78.4845212
195173,40.6932301,-73.99216520000002
195216,44.59214799999999,-75.161333
195234,42.6640071,-73.785568
195243,41.041757,-73.9358443
195289,42.7428351,-73.6758929
195304,40.9340639,-73.84379009999999
195322,42.8145482,-73.9511974
195474,42.716635,-73.7523365
195526,43.0955194,-73.78244269999999
195544,40.690509,-73.9677729
195720,43.117105,-77.51365969999999
195809,40.7215948,-73.794692
195845,40.679675,-73.9777573
195988,41.7727955,-74.66697409999999
196413,43.0373508,-76.1364799
196477,40.7505278,-73.99595
196565,42.5026424,-76.2865588
196592,40.7532064,-73.9893264
196653,42.8469168,-78.812735
196866,42.8155649,-73.9306221
197045,43.0953591,-75.2711726
197133,41.6860037,-73.8974478
197142,42.9127719,-78.7973749
197151,40.7387366,-73.9822224
197197,40.6145939,-74.09087099999999
197230,42.7442687,-76.6965816
197285,41.0336457,-73.784419
197294,41.0684291,-73.7896124
197522,40.7516829,-73.98135669999999
197531,43.7309163,-73.8110483
197814,36.324982,-76.2202226
197832,35.1818016,-80.9274817
197850,35.0004492,-80.2112581
197869,36.2109506,-81.6777048
197887,35.574038,-82.554934
197911,35.735325,-77.912724
197966,35.6013118,-77.12312360000001
197984,35.2605139,-81.04385270000002
197993,36.067872,-79.77921599999999
198011,34.6449188,-78.7298938
198066,35.2367408,-82.72949589999999
198084,34.0390749,-78.2299029
198109,35.4393122,-80.60044529999999
198118,35.8576057,-81.4867228
198136,35.4091517,-78.73827730000001
198154,34.2402779,-77.9496376
198206,34.723008,-76.756593
198215,35.692041,-80.478725
198233,35.7004103,-81.28754649999999
198251,35.471033,-79.1452451
198260,35.2174032,-80.83046949999999
198321,35.2804296,-81.49234109999999
198330,34.7702163,-77.3844337
198367,35.1103856,-77.1022053
198376,35.8674527,-80.1805318
198385,35.499519,-80.847593
198419,36.0011043,-78.9375022
198455,35.975381,-78.88068799999999
198464,35.6066409,-77.3559964
198491,35.879087,-77.572197
198507,36.2795561,-76.215653
198516,36.1048942,-79.5045112
198534,35.0666422,-78.9258784
198543,35.0756898,-78.8925902
198552,36.0694251,-80.2727328
198561,35.2421079,-81.6655755
198570,35.3098704,-81.1910328
198598,36.0692122,-79.7992147
198613,36.0928373,-79.889794
198622,35.9982026,-79.9188599
198640,36.4281834,-77.61764769999999
198668,35.5259088,-82.92788639999999
198695,35.9723841,-79.9953079
198710,35.3362041,-81.9131525
198729,34.9475454,-77.9775678
198747,35.9942826,-79.9984216
198756,35.243588,-80.8569359
198774,35.5019508,-78.33097049999999
198808,36.1617995,-81.8751463
198817,35.2338387,-77.57108459999999
198862,35.6707564,-80.48472679999999
198871,36.0967977,-78.30231049999999
198899,35.8265632,-82.5540927
198905,35.8353962,-77.09541709999999
198914,35.9339274,-82.01666879999999
198923,35.6555866,-81.96204759999999
198950,35.7942709,-78.6880481
198969,35.1334615,-78.87267489999999
198987,35.7830255,-80.893367
199023,35.3668306,-79.86983300000001
199032,35.6466933,-82.2974467
199069,35.20782,-78.07108869999999
199087,35.97752,-77.898817
199102,36.0772801,-79.7720482
199111,35.6149447,-82.5663891
199120,35.9132961,-79.050072
199139,35.3071207,-80.73516149999999
199148,36.0654235,-79.8126564
199157,35.9725818,-78.9001035
199184,36.0765305,-80.2373708
199193,35.7864323,-78.6634089
199218,34.2252905,-77.8745331
199263,35.068336,-76.8338115
199272,35.789286,-78.637452
199281,34.6892395,-79.1997305
199306,35.4869127,-80.27936799999999
199324,36.4314529,-78.97953199999999
199333,35.5495627,-77.40681529999999
199421,35.6733597,-79.825516
199449,34.9032115,-79.7101011
199467,36.325417,-77.022818
199476,34.677103,-79.006439
199485,36.387759,-79.755614
199494,35.6402478,-80.48093589999999
199582,35.7858643,-78.62112259999999
199607,36.0874803,-80.2411058
199625,34.9908247,-78.3326507
199634,35.220301,-79.408025
199643,35.7711349,-78.6379832
199722,34.333368,-78.785091
199731,35.3474977,-83.20517210000001
199740,35.33928119999999,-80.23608829999999
199768,36.385371,-80.7161576
199786,36.063758,-79.357747
199795,35.0677037,-83.9656375
199838,36.324434,-78.48824599999999
199847,36.1354033,-80.27922749999999
199856,35.6508495,-78.7039465
199865,35.6123576,-82.441885
199892,35.4030535,-77.9458926
199908,35.7224938,-81.69335260000001
199926,36.1371351,-81.1827753
199953,35.7300975,-77.89572
199962,34.9858584,-80.4465673
199999,36.0868936,-80.22481570000001
200004,35.2970056,-83.1452474
200013,46.8483433,-96.84872419999999
200022,46.8222613,-100.8191235
200059,46.8822479,-102.7996256
200129,48.2349745,-101.2934975
200156,46.9139031,-98.7042178
200192,48.1261678,-98.8659278
200208,47.9781701,-98.9899983
200217,46.7230135,-100.7459296
200226,47.505783,-97.32252489999999
200253,48.2465875,-101.3005673
200280,47.9219599,-97.070905
200305,46.2751429,-96.60734939999999
200332,46.8903848,-96.79812659999999
200341,48.1583902,-103.6126117
200387,46.7832022,-100.7710227
200484,46.0018986,-98.52021660000001
200572,46.9184614,-98.00392649999999
200590,41.1869129,-80.72321749999999
200633,41.3946897,-81.6465364
200800,41.0753682,-81.51237859999999
200873,40.86720950000001,-80.860503
201016,39.1042953,-84.51076979999999
201104,40.8618277,-82.32301559999999
201177,40.7959671,-81.4035536
201195,41.3684663,-81.844763
201283,40.076953,-80.96490100000001
201371,40.89687929999999,-83.8991674
201399,41.17995699999999,-81.2495433
201441,41.37546820000001,-83.6409753
201469,41.4044171,-81.78176979999999
201645,41.50461749999999,-81.60992929999999
201672,40.0689187,-82.4447393
201690,39.714915,-83.8771617
201751,39.2145741,-83.89374409999999
201821,39.1208511,-84.50856069999999
201928,39.1506283,-84.537536
201964,39.609127,-82.90586800000001
201973,39.8957804,-83.7992191
201982,40.06471639999999,-80.7218099
202046,41.5103431,-81.60230709999999
202073,41.5122999,-81.60890169999999
202134,41.5023214,-81.67476429999999
202161,40.0235766,-82.911513
202170,39.9648828,-82.989947
202222,39.969191,-82.98719
202356,41.4948675,-81.6835567
202435,41.6923813,-83.6297716
202480,39.7402118,-84.17900589999999
202523,40.0711678,-82.5238552
202648,40.1589162,-84.2101009
202684,41.5029727,-81.66608699999999
202763,41.0532089,-83.6532127
202806,39.9594902,-82.9905996
202912,39.1400349,-84.52067269999999
203085,41.1163289,-83.16806439999999
203128,41.3125552,-81.1437098
203155,39.4389196,-82.2113269
203331,40.3762371,-80.6723117
203368,41.48919540000001,-81.532639
203438,41.101226,-80.7745928
203447,41.8911643,-80.82989169999999
203456,40.6169211,-80.5765979
203465,40.8661077,-81.4391962
203474,41.2786506,-80.82874609999999
203483,40.4678681,-81.4071415
203492,40.864732,-80.83383599999999
203517,41.1490629,-81.34146489999999
203526,41.4846019,-81.1438987
203535,40.3718965,-82.39830789999999
203580,41.716033,-81.252144
203599,41.639372,-81.357289
203720,41.4238463,-82.073441
203739,41.4152768,-82.6673314
203748,41.4149084,-82.0771792
203757,41.70960609999999,-83.708435
203775,40.8264814,-81.3843234
203845,39.4166495,-81.4500863
203960,41.6591648,-83.55125819999999
204024,39.5105334,-84.73087679999999
204060,39.7607062,-84.1862233
204121,39.1827553,-84.42540489999999
204176,39.9574311,-83.02195499999999
204185,40.9022553,-81.1087684
204194,40.3839762,-82.47335249999999
204200,39.0949555,-84.6384041
204255,39.9601407,-82.0329896
204264,39.99760630000001,-81.7377848
204316,40.8448816,-81.4289822
204440,41.4510652,-84.29921739999999
204468,41.5075825,-81.5153247
204501,41.2934012,-82.2207621
204608,41.51837,-81.6570534
204617,39.9920005,-82.9416691
204635,40.7654844,-83.8241407
204662,40.775025,-81.92310400000001
204671,40.7384166,-84.03082739999999
204680,40.7988709,-82.57885189999999
204699,40.5796595,-83.09058519999999
204705,40.0689187,-82.4447393
204723,39.9758401,-82.87700129999999
204796,39.9986729,-83.0098956
204802,40.0754942,-80.9761919
204820,39.3335613,-83.0066524
204839,38.5249001,-82.66615929999999
204848,39.7386758,-82.5863669
204857,39.3267327,-82.1009933
204866,39.9625051,-82.03173489999999
204884,40.6793489,-80.571967
204909,40.2934076,-83.06558410000001
204945,41.5922556,-83.5355054
204963,38.7391581,-82.9793467
205027,40.1200357,-83.0188179
205054,41.584037,-83.672151
205124,41.5935289,-81.483226
205142,41.20444579999999,-80.73967379999999
205203,38.88277799999999,-82.379055
205470,39.7572689,-84.1993987
205610,39.2559024,-84.4568098
205647,41.0963388,-81.58792070000001
205887,41.5827654,-83.6829587
205966,39.2364808,-83.6139477
206011,41.3530157,-83.1584512
206039,41.1145232,-83.17590940000001
206084,41.6601347,-83.6145086
206224,41.2116822,-80.7820112
206279,39.1271049,-84.5001372
206330,40.1017974,-83.76220529999999
206349,41.4965154,-81.4656522
206394,41.4839303,-81.7695841
206437,40.87407,-81.36889099999999
206446,39.4307633,-81.4339073
206525,39.9330898,-83.81373599999999
206589,40.8104638,-81.93481179999999
206604,39.778275,-84.05921269999999
206613,40.5497385,-84.5092159
206622,39.148913,-84.4795628
206695,41.1083058,-80.64902169999999
206835,36.7296511,-95.95633509999999
206862,35.5118819,-97.6284522
206914,34.6054387,-98.43614439999999
207050,34.9134248,-95.32774909999999
207157,35.3706876,-97.49534009999999
207209,None,None
207254,36.1765674,-95.8789573
207263,35.920645,-94.9661094
207281,36.67843209999999,-97.2983308
207290,36.8795784,-94.8674195
207306,36.7969683,-98.6687061
207351,36.595016,-101.6286679
207388,36.1219844,-97.070567
207397,35.4749343,-97.5818736
207403,35.3604545,-96.93248679999999
207449,35.38665290000001,-97.56860979999999
207458,35.493804,-97.54022119999999
207500,35.2085041,-97.4456811
207564,35.6269876,-95.9403751
207582,36.0480386,-95.95576860000001
207661,36.3185642,-95.6306396
207670,35.4497498,-97.4132203
207689,35.361756,-96.954195
207722,35.0295652,-97.9546929
207740,35.2460699,-96.7006076
207847,34.0050006,-96.37665129999999
207865,35.5354876,-98.7078018
207935,36.1067717,-95.9079998
207962,36.1479802,-95.95408280000001
207971,36.1490106,-95.9467696
208035,34.6689365,-99.3367889
208080,44.9416248,-123.0395614
208239,45.5242044,-122.6826817
208248,45.5170397,-122.686509
208433,44.9499533,-122.9815524
208488,45.5696717,-122.6370329
208646,45.3177348,-118.0904671
208655,45.5341511,-122.6496932
208822,45.3027851,-122.9704656
209056,45.45017550000001,-122.6701491
209065,45.2030604,-123.2006564
209287,45.5270972,-122.5755071
209409,44.047156,-123.0789921
209506,42.2548419,-121.7873039
209542,44.5639127,-123.2747161
209551,44.0451753,-123.0757604
209603,45.5267606,-122.6779851
209612,45.5209573,-123.1094571
209676,44.0635666,-121.2641274
209700,45.4357354,-122.5713485
209746,45.43843589999999,-122.7310045
209807,45.5111227,-122.6845654
209922,45.4809642,-122.6301455
210076,45.32111039999999,-122.7682512
210100,44.0616586,-123.0215163
210146,42.1850148,-122.6926626
210304,45.5069273,-122.5945672
210331,44.8829475,-122.9609521
210340,42.2248934,-121.7654202
210401,44.9354439,-123.0317802
210429,44.850105,-123.2390066
210483,40.3366239,-76.8303808
210492,40.11261320000001,-75.0220836
210571,40.3603494,-75.9105617
210605,40.450889,-80.0184712
210669,41.6482949,-80.1454261
210739,40.5379841,-75.3780525
210775,40.3153398,-75.9308401
210890,40.0908551,-75.2091104
210906,39.9923386,-76.663696
210942,39.9511325,-75.1680861
210951,40.5832582,-79.7090305
210960,40.4372536,-79.999774
211006,40.0582664,-75.6431751
211024,41.4951198,-75.6854254
211088,40.0915752,-75.1647196
211149,40.4573085,-80.0324686
211158,41.0064456,-76.4488075
211200,40.4330076,-80.00456179999999
211273,40.0266437,-75.31444619999999
211291,40.9538168,-76.8851999
211307,40.2390377,-74.9671789
211316,40.1663733,-75.0070336
211343,40.82956069999999,-79.9126613
211352,40.0552064,-75.374005
211361,40.0656021,-79.8859011
211431,40.4389338,-79.9631161
211440,40.44416469999999,-79.9433725
211468,40.585131,-75.5224837
211477,39.19853630000001,-84.5484275
211556,40.4478166,-79.92351200000002
211583,40.0866725,-75.2286092
211608,39.9350609,-75.5271118
211617,40.0895135,-74.9667271
211644,41.2104564,-79.38025669999999
211820,39.984984,-76.7579592
211893,39.9487641,-75.1704439
211909,40.4101557,-80.0155449
211927,39.9674581,-75.3928612
211981,40.2978082,-75.1545837
212009,40.20363589999999,-77.1962159
212054,39.9566127,-75.18994409999999
212106,40.4372949,-79.9901728
212115,40.9967478,-75.1732713
212133,40.0504374,-75.3702259
212160,41.8696517,-80.127636
212197,40.1489764,-76.5937428
212434,42.0715483,-80.1006532
212568,40.12513,-74.9782455
212577,40.0441352,-76.3194286
212601,42.128853,-80.08693009999999
212674,39.8341706,-77.2336806
212832,40.1977645,-75.2364262
212869,40.0225303,-75.31475189999999
212911,40.0117331,-75.2992733
212984,40.0592303,-74.9886069
213020,40.6173325,-79.1582925
213233,41.4493485,-75.641074
213251,40.4989319,-78.0175377
213303,41.5595497,-75.7769971
213321,41.2500862,-75.87935619999999
213349,40.5080744,-75.7816826
213358,40.5685903,-80.014485
213367,40.0390582,-75.153854
213376,41.4115723,-75.6589023
213385,40.700327,-75.2064757
213400,40.0743072,-76.28859489999999
213507,40.3309252,-76.5138218
213534,40.3447546,-75.9787075
213543,40.60680139999999,-75.3801569
213570,40.5918177,-75.5688802
213589,40.0496637,-74.9996845
213613,41.1427457,-77.4606225
213659,41.1902406,-75.99751900000001
213668,41.24523749999999,-77.00014159999999
213774,40.0871795,-75.1047498
213783,41.8047074,-77.0740572
213826,41.4334254,-75.6372363
213914,40.4438279,-80.0002564
213987,42.10507090000001,-80.0536612
213996,40.1579568,-76.9881939
214041,39.9976889,-76.3544283
214069,41.3443717,-75.9733062
214111,40.1767143,-75.2772543
214148,39.9831788,-75.166705
214157,40.6310594,-75.3809254
214175,40.5961031,-75.5097449
214272,39.873933,-75.440838
214290,41.0350299,-80.40117839999999
214379,40.6730296,-75.3227965
214582,39.9082838,-75.3890798
214883,39.945416,-75.1662577
214944,40.0981253,-74.8690793
215062,32.31691,-81.119796
215099,40.0222731,-75.1911152
215105,39.9459796,-75.1656022
215114,40.1650923,-74.9087964
215132,39.9465441,-75.208133
215239,39.9616076,-75.1669873
215381,40.3509862,-79.92646979999999
215390,40.45909839999999,-79.93045769999999
215415,40.424857,-80.1894245
215646,39.9611678,-75.3544666
215655,40.5190748,-80.2124051
215682,40.4519001,-80.1039467
215691,40.0322529,-75.32676599999999
215743,40.5066666,-78.63900269999999
215770,39.9949955,-75.2401232
215798,40.2939869,-79.40132469999999
215929,41.4055996,-75.656966
215947,40.3088677,-79.5558944
215974,40.4548396,-79.9391194
215992,41.22905979999999,-80.5115015
216010,40.0579754,-77.52230109999999
216038,41.0630697,-80.04118419999999
216047,39.9920384,-75.2560896
216083,40.7750081,-77.8555784
216278,40.79975690000001,-76.870414
216287,39.906932,-75.3514659
216311,39.9892304,-75.24797439999999
216357,41.411974,-80.383918
216436,40.4618153,-80.0123852
216524,40.1939175,-75.4571055
216597,40.0348919,-75.3453653
216667,40.1705192,-80.240583
216694,39.8994621,-80.1870564
216764,39.953788,-75.5980628
216773,40.4619558,-79.9450408
216807,41.1198678,-80.3322642
216825,40.2343645,-79.5647341
216852,39.8616601,-75.3553828
216931,41.24440389999999,-75.8886919
217013,39.9501161,-77.6496385
217040,41.394908,-75.65609599999999
217059,39.94674639999999,-76.7281509
217077,39.9910852,-76.6648747
217156,41.8264258,-71.4040899
217165,41.9200186,-71.5371591
217235,41.819957,-71.412757
217402,41.8441035,-71.4379605
217420,41.8424615,-71.46034780000001
217475,41.7129353,-71.4816957
217484,41.4846985,-71.52737309999999
217493,41.8258538,-71.4077368
217536,41.4745897,-71.30087689999999
217615,33.5345183,-81.84267150000001
217633,34.514112,-82.638025
217688,32.9821933,-80.0708116
217712,32.4195873,-80.68841809999999
217721,34.012235,-81.020429
217776,34.7283676,-82.76260669999999
217819,32.7835306,-79.9376949
217837,34.6991195,-79.9387181
217864,32.7975896,-79.9589578
217882,34.6824469,-82.7810609
217925,34.07601,-81.0749931
217934,34.0460714,-81.0329929
217961,34.954266,-81.91706599999999
217989,33.311775,-81.1257727
217998,34.3305278,-82.3905527
218025,34.2446102,-79.8158615
218043,34.4998122,-82.6420562
218061,34.1959695,-79.6496086
218070,34.9246422,-82.4390771
218113,34.8245187,-82.3699905
218140,33.7953735,-79.00282779999999
218229,34.2005101,-82.1659597
218238,35.056615,-81.6485209
218353,33.9520443,-81.1165267
218399,33.9380183,-80.347028
218414,34.2861075,-81.6219227
218487,33.5451893,-80.8297199
218520,34.2075133,-82.12054599999999
218539,34.4669671,-81.87990599999999
218645,33.5898667,-81.7476394
218654,32.303516,-80.97240599999999
218663,34.0997278,-80.9551875
218672,34.7362949,-80.7887273
218681,33.0131258,-81.2996407
218690,33.9324793,-80.37299999999999
218706,34.7178593,-81.6210187
218724,33.7944709,-79.01348820000001
218733,33.4983441,-80.85014919999999
218742,35.003074,-81.969488
218821,34.955073,-81.9708572
218830,34.9742367,-81.9898627
218858,33.9334744,-80.3711271
218885,34.6413561,-82.789566
218894,32.9271316,-80.03125059999999
218955,33.6573247,-79.81671829999999
218964,34.9397788,-81.0286239
218973,34.9588759,-81.934516
218991,34.9343997,-80.99530879999999
219000,43.5272492,-96.7362727
219037,44.0799835,-103.2286346
219046,44.4965054,-103.8712643
219082,44.0178988,-97.10885329999999
219125,44.08214720000001,-103.2225024
219143,44.9011009,-97.0953024
219198,42.8743984,-97.4100007
219204,44.0312787,-103.2500488
219213,43.4956864,-96.7896829
219259,45.45275480000001,-98.483626
219295,45.4839399,-98.4912293
219347,44.07352820000001,-103.2053541
219356,44.3151241,-96.78454789999999
219383,43.5321764,-96.7390169
219426,43.5689147,-96.7806691
219471,42.7825146,-96.92594319999999
219602,36.5327246,-87.34961849999999
219639,35.1390326,-90.028301
219709,36.1325006,-86.79385669999999
219718,36.13677130000001,-88.5172223
219790,35.4979569,-84.99662339999999
219806,36.1223377,-83.4908561
219824,35.0993918,-85.2381102
219879,35.1991755,-84.8789603
219888,35.61637839999999,-87.0998008
219903,35.112903,-89.8917299
219949,36.2046078,-86.29187549999999
219976,36.1036206,-86.798965
220057,36.047402,-89.391994
220075,36.3041913,-82.3667992
220118,35.1330601,-85.2381221
220181,36.1676043,-86.803859
220206,36.134994,-86.826993
220215,35.4408398,-88.6363382
220312,35.5568934,-84.3646807
220400,35.64558220000001,-88.78002529999999
220464,36.1566397,-86.7949229
220473,35.9355641,-83.75032150000001
220516,36.585985,-82.15653259999999
220598,35.628751,-88.8064528
220613,35.1659969,-84.87141059999999
220631,36.57739840000001,-83.6611228
220710,35.7539498,-83.9650922
220808,35.142289,-89.995965
220862,35.115304,-89.9556613
220978,35.8436241,-86.3705889
221096,35.3664331,-86.30089749999999
221148,36.1942946,-86.74391609999999
221184,36.1347304,-86.8571997
221254,35.9201684,-86.86825700000001
221351,35.1528744,-89.99260450000001
221397,35.8812162,-84.6208492
221485,35.1384753,-90.0366638
221519,35.2025381,-85.9208317
221634,35.319366,-89.15976309999999
221643,35.94771679999999,-84.1667104
221661,35.0482015,-85.0519508
221731,35.445114,-84.59271299999999
221795,36.0291317,-83.9209769
221838,36.1682498,-86.8260896
221847,36.175903,-85.5070223
221892,36.1450579,-86.7535011
221908,36.4854331,-82.4077643
221953,36.1740586,-82.76083450000002
221999,36.1494589,-86.8028774
222053,36.3660451,-86.49772
222062,36.2158742,-83.2626361
222105,35.144929,-90.02023799999999
222178,32.4487364,-99.73314390000002
222567,29.3971,-95.242126
222576,35.1916579,-101.8482944
222822,31.2871142,-94.7318131
222831,31.4419346,-100.4659589
222877,32.7364624,-97.1570773
222886,32.7723287,-97.052701
222938,29.7316021,-95.421274
222983,33.6469287,-96.5980823
222992,30.322721,-97.7124392
223232,31.5447753,-97.1182662
223320,28.4359747,-97.75561250000001
223427,30.1598781,-96.4066666
223506,29.0464682,-95.4087311
223524,32.9295899,-96.84992489999999
223773,32.6237072,-96.7613604
223898,32.4008802,-98.9852757
223922,34.944589,-100.9024097
224004,30.4209992,-97.8362386
224110,33.6187918,-97.16594049999999
224147,27.7127448,-97.32414329999999
224244,32.9137019,-96.8875863
224323,32.8462097,-96.9210392
224350,27.7635746,-97.4076327
224527,32.5536396,-94.3747786
224554,33.2353555,-95.9090659
224572,32.8170326,-96.6608887
224615,32.7797883,-96.80520899999999
224642,31.7716421,-106.3706878
224891,35.6568328,-101.4060969
224961,29.284711,-94.807822
225070,33.7048994,-96.6335781
225247,32.4766208,-99.73441799999999
225371,32.0119151,-97.0882845
225399,29.6929877,-95.51475769999999
225423,29.7422656,-95.3771881
225432,29.7644462,-95.3590207
225511,29.7203176,-95.34352799999999
225520,32.2525699,-101.4465358
225548,31.7158496,-98.9848186
225627,29.467138,-98.469515
225876,31.9649981,-95.2819133
225991,32.8085948,-96.84168319999999
226019,32.3773413,-94.8725661
226091,30.0441663,-94.0705761
226107,30.0917117,-93.7314335
226116,29.8799965,-93.926252
226134,27.508738,-99.5189102
226152,27.5735219,-99.4350626
226204,29.7306908,-94.9752754
226231,32.4669719,-94.7270808
226383,33.57349,-101.9355549
226408,29.3957069,-94.99955829999999
226471,31.0653813,-97.46319020000001
226578,31.5898477,-97.1730913
226587,32.432158,-99.7479604
226806,32.0308436,-102.106315
226833,33.8737669,-98.5194964
226879,32.8007033,-96.8191899
226930,32.7269983,-96.903725
227146,32.0756383,-96.4984401
227182,30.18796189999999,-95.4885415
227191,32.8706625,-96.9678064
227216,None,None
227225,33.1039783,-94.8802565
227304,31.8657538,-102.3837485
227331,29.4256219,-98.542512
227368,26.3074321,-98.1745751
227386,32.1560799,-94.3564504
227401,33.6584904,-95.543198
227526,30.1025965,-95.9941959
227687,32.458544,-98.6824369
227757,29.7205057,-95.3964068
227766,32.9244835,-96.7317961
227845,30.2292983,-97.75322159999999
227854,29.4141089,-98.45481989999999
227863,29.7371171,-95.39312179999999
227924,29.446366,-98.4942787
228042,30.02729789999999,-99.1293372
228149,29.4530656,-98.56130879999999
228158,33.57578549999999,-102.362843
228246,32.8449511,-96.78593339999999
228316,29.21957909999999,-99.7404492
228325,32.4043806,-96.852237
228343,30.6338906,-97.66748539999999
228431,31.6210294,-94.6490498
228459,29.8899275,-97.93630189999999
228468,32.3962422,-97.3264841
228501,30.3586852,-103.6610944
228529,32.21501,-98.2147778
228547,32.7474909,-97.32794369999999
228608,31.072684,-97.3522031
228699,33.4433691,-94.07937
228705,27.5269129,-97.8847869
228723,None,None
228769,32.7292117,-97.11519709999999
228778,30.2861062,-97.7393634
228787,32.9857252,-96.7502483
228796,31.7708544,-106.5046216
228875,32.709151,-97.35933659999999
228981,29.5732323,-97.98263
229018,31.8809968,-102.321828
229027,29.5845107,-98.61719910000001
229063,29.7223299,-95.3597786
229115,33.5845437,-101.8705678
229179,33.2262575,-97.12786299999999
229267,29.4633027,-98.4825745
229355,32.3329038,-95.28089279999999
229504,34.1599813,-99.3194747
229540,28.8163932,-96.9808987
229780,34.186713,-101.726967
229799,32.741292,-97.79193099999999
229814,34.9798286,-101.9158257
229832,32.6794057,-100.9146204
229841,29.323815,-96.0857765
229887,32.5384916,-94.3752104
230038,40.241084,-111.647744
230047,21.6403259,-157.9258617
230056,40.609714,-111.9422378
230162,41.029761,-111.9253419
230171,37.1027767,-113.5658777
230418,40.7710573,-111.9001472
230597,39.3611091,-111.583783
230603,37.6755016,-113.0710984
230728,41.7417384,-111.8090498
230737,40.2794561,-111.7151668
230746,40.6762837,-111.9472654
230764,40.765023,-111.848931
230782,41.1932522,-111.9460552
230807,40.7324138,-111.8547663
230816,42.9184113,-73.23808869999999
230834,43.6081315,-73.1783828
230852,44.47557680000001,-73.2057021
230861,44.2808175,-72.5740076
230889,44.2821315,-72.4384417
230898,43.51655,-73.2402089
230913,44.641575,-72.671707
230931,44.5355557,-72.0251971
230940,42.8390545,-72.7347545
230959,44.0090461,-73.1759781
230977,44.2611809,-72.57521129999999
230995,44.137041,-72.6604067
231059,44.4944757,-73.16701479999999
231077,43.59928499999999,-73.002747
231086,42.867672,-73.218582
231095,44.6522263,-72.3827567
231165,43.938717,-72.604721
231174,44.4782586,-73.20114699999999
231411,36.8418654,-76.181906
231420,36.5767937,-79.4132249
231536,38.2790401,-78.9391218
231554,37.24606480000001,-81.24252729999999
231581,38.3788786,-78.9693861
231624,37.271949,-76.709328
231697,37.3587546,-79.1855599
231712,37.0638206,-76.4954079
231785,36.8278959,-76.13814459999999
231828,37.4601762,-77.54232689999999
231837,37.266206,-79.93967529999999
231873,37.8118233,-79.851929
231882,36.5668374,-79.4050828
232016,36.8375601,-76.064528
232025,36.7732776,-81.8298394
232043,38.4711173,-78.88028249999999
232052,37.6405931,-75.7508976
232089,36.9465107,-80.0378637
232186,38.8342331,-77.3148813
232195,38.3751477,-77.7813658
232256,37.2390019,-78.4592625
232265,37.021698,-76.3366127
232308,37.32344200000001,-79.95378389999999
232414,37.6340816,-77.4758617
232423,38.4353112,-78.87177849999999
232450,37.3466115,-77.40779119999999
232557,37.3535393,-79.17758119999999
232566,37.3011542,-78.39444329999999
232575,39.0370576,-78.2674588
232609,37.3988544,-79.1824742
232672,38.1538716,-79.069228
232681,38.3013039,-77.47447009999999
232706,38.9055359,-77.1281889
232788,36.8543026,-82.75989919999999
232867,37.1040385,-80.69585219999999
232937,36.8479841,-76.2621193
232946,38.8363305,-77.23808550000001
232982,36.8889565,-76.30354439999999
233019,36.7397709,-79.8748169
233037,36.674468,-76.9379835
233116,38.0059665,-78.4845407
233277,37.1372626,-80.5505034
233301,37.4368042,-79.17085809999999
233310,37.5644094,-76.623852
233338,37.1529609,-77.39570859999999
233374,37.5758681,-77.5409744
233426,37.2939186,-80.0550374
233541,39.16601319999999,-78.1583626
233639,36.8386795,-77.9168222
233648,None,None
233718,37.5567346,-79.08101099999999
233754,37.0637616,-76.4204235
233772,36.850098,-76.29133019999999
233897,36.9719232,-82.58506
233903,36.6994053,-82.001486
233921,37.2290536,-80.42376879999999
233949,37.2466407,-79.9730424
234030,37.5496312,-77.4526597
234076,38.0365826,-78.50294439999999
234085,37.7911352,-79.4370093
234155,37.2364644,-77.4198758
234164,37.5599032,-77.4518215
234173,36.8686033,-76.18626069999999
234207,37.7914493,-79.4441934
234377,36.9578971,-81.07052259999999
234492,47.6122848,-122.3490915
234827,47.000356,-120.5421058
235024,47.6181654,-122.3360955
235097,47.4908212,-117.5779793
235167,47.0733706,-122.9734736
236018,47.2083621,-122.4833145
236133,47.6577112,-122.192352
236212,46.57179499999999,-120.537226
236230,47.14519310000001,-122.4436669
236328,47.2638063,-122.4823985
236452,47.0405654,-122.8154461
236577,47.649116,-122.3617421
236595,47.6102654,-122.3207835
236896,46.0475193,-118.3895857
236939,46.7308894,-117.162063
236948,47.6565538,-122.3127075
237011,48.7377644,-122.4867951
237057,46.0705652,-118.3302549
237066,47.7532532,-117.416664
237118,39.2110659,-79.9925478
237127,37.669968,-82.2854662
237181,40.206055,-80.559834
237215,37.26720700000001,-81.23746969999999
237312,38.33298200000001,-81.61523869999999
237321,39.2799069,-80.3390221
237330,37.4242367,-81.0060913
237358,38.9318243,-79.8463677
237367,39.48249029999999,-80.1621332
237385,38.93481939999999,-80.83395139999999
237437,38.419781,-82.44331
237525,38.4223904,-82.42890419999999
237552,39.2993422,-81.3996928
237570,39.628779,-79.954636
237640,39.3123653,-81.539189
237686,39.2165703,-81.5069961
237792,39.433645,-77.804153
237817,37.8512577,-82.02334809999999
237899,38.3838505,-81.7657401
237905,39.6518209,-79.9558905
237932,40.1658141,-80.6011631
237969,38.990326,-80.2206477
237987,38.348028,-81.6340764
237996,39.6324458,-79.954965
238005,39.4562804,-77.9654329
238014,40.0633199,-80.7213772
238032,39.6361396,-79.95593579999999
238078,40.067915,-80.691216
238166,43.122496,-87.9151725
238175,42.9698298,-88.0499554
238193,42.98358349999999,-87.96522949999999
238263,43.1218286,-89.3279189
238333,42.5030333,-89.0309048
238430,43.140054,-87.9071529
238458,43.0044881,-88.2280201
238476,42.6200854,-87.8220398
238616,43.254467,-87.9156325
238661,43.0580408,-89.4212376
238810,44.7833573,-91.46204089999999
238980,43.841554,-87.8833957
239017,44.2619818,-88.35566140000002
239071,43.194346,-88.7378731
239080,43.7778991,-88.4195234
239105,43.03896590000001,-87.92804149999999
239248,43.0433865,-87.92083989999999
239309,43.0309118,-87.907923
239318,43.0440305,-87.9089848
239390,43.072438,-88.0313082
239512,46.5807082,-90.87338059999999
239628,43.8432217,-88.8409595
239716,44.4448752,-88.0663034
239743,44.071439,-87.74106100000002
240055,43.0680698,-89.39872659999999
240107,43.8022454,-91.2451134
240125,43.0735331,-88.2559285
240189,42.8361071,-88.7440268
240268,44.7985131,-91.50175279999999
240277,44.5323353,-87.9209645
240329,43.8136889,-91.2300094
240338,43.0379137,-88.0232388
240365,44.0256057,-88.5508746
240374,42.6450231,-87.85174579999999
240392,43.14414499999999,-89.2917731
240417,44.87071299999999,-91.92895899999999
240426,37.2511509,-96.3450019
240444,43.0754038,-89.4042479
240453,43.0752308,-87.881425
240462,42.7342808,-90.4849656
240471,44.8534105,-92.6224938
240480,44.5243265,-89.5688112
240709,41.1341015,-104.8166888
240727,41.3114879,-105.5856487
241100,36.0545925,-95.8148471
241191,18.20585,-67.112689
241216,33.5354922,-101.9068622
241225,None,None
241766,18.4543593,-66.0801791
241951,18.467947,-66.12152999999999
242112,None,None
242121,41.8908586,-87.6356945
242972,36.0545925,-95.8148471
243072,18.0082587,-66.589846
243443,None,None
243568,18.3678953,-66.1539173
243577,18.4222446,-66.0560599
243665,18.343413,-64.968532
243744,37.42410599999999,-122.1660756
243780,40.4282112,-86.9143951
243841,18.4144791,-66.0571325
244233,26.1874932,-80.17015580000002
244437,33.7534327,-84.38590719999999
244446,33.789886,-84.234184
245953,35.347349,-97.577237
246354,29.322851,-98.5466543
246813,33.992033,-83.3374206
247010,46.42111490000001,-117.0258771
247065,39.0171701,-84.6412908
247603,41.0682555,-74.7579386
247649,42.9765121,-72.5123972
247700,39.0526721,-94.3606078
247834,33.1624419,-96.63855749999999
248305,38.1664115,-85.60536719999999
248882,35.10296659999999,-106.5916018
248934,36.8425384,-76.178872
249609,41.2818078,-75.88299430000001
250027,39.9025711,-79.7248702
251075,40.2625417,-76.7914644
251260,33.1265115,-85.5713736
251312,34.098108,-80.96202509999999
260354,40.04267979999999,-76.3610149
260691,33.3969243,-111.8741389
260789,34.0803861,-118.1515931
260901,41.555013,-90.5505281
260929,43.59446930000001,-116.285976
262332,33.5023926,-111.9054017
365055,40.7550262,-73.98903779999999
366191,41.8073101,-88.10392159999999
366261,29.9895803,-95.43020480000001
366270,30.4636489,-91.1138803
366465,32.3955584,-81.8178049
366711,33.129054,-117.1596579
366960,37.7136949,-121.0877219
367024,41.6447981,-93.77851000000001
367194,44.9499965,-93.0972724
367459,36.3594912,-94.17241659999999
368629,47.6992328,-122.3270509
368911,32.2038585,-82.366149
369905,41.6379765,-81.4368535
372073,33.868549,-118.0970425
374316,32.2826405,-90.21034209999999
375230,40.62855,-73.99248
375489,41.0587913,-83.6193782
375841,45.5202999,-122.6816467
376385,18.3986047,-67.1340582
377546,47.7107835,-122.602589
377652,37.7893412,-81.1876309
380438,40.2451906,-111.6843524
380465,40.6538163,-111.9044514
381486,43.4225827,-95.1118243
382063,None,None
382461,32.2820495,-90.1147932
382504,35.2133725,-80.822251
382771,36.5562816,-87.3253168
383190,19.7039992,-155.0701242
387925,26.2745725,-80.1510603
388043,36.04492210000001,-86.70124320000001
389727,30.412431,-87.21606299999999
404426,35.1714593,-111.645637
404912,39.8316573,-105.0025523
404994,40.6923995,-73.9860791
405872,39.530327,-76.99371
405997,35.197125,-106.580491
407355,41.2020051,-96.04464650000001
408312,40.4419962,-79.77598259999999
409315,26.2169719,-98.25359499999999
409698,36.6508506,-121.7977026
410502,34.1667203,-118.3751849
413617,38.9766377,-91.00247449999999
413680,33.9559878,-118.377513
414911,40.2640611,-78.8369429
417327,28.6636248,-81.4021832
417752,32.8311666,-97.1003182
418889,36.6149208,-87.42515499999999
419341,39.9351855,-75.1676847
420316,34.7051641,-86.5913398
420398,29.470383,-98.7074289
420431,32.9981305,-82.8354952
420440,43.307121,-70.5907381
420495,33.9376435,-84.3557506
420538,36.3176298,-92.38538120000001
421513,36.8340671,-87.4754873
421708,33.5664682,-112.1536456
423980,34.1456545,-118.1392726
427308,40.6014723,-73.99709779999999
427982,37.4992266,-77.5430813
428170,35.8003153,-83.57054529999999
430157,28.6729268,-81.45148379999999
430166,33.3360136,-111.8391303
430485,41.290787,-96.08279460000001
430935,28.1833579,-82.4385803
432524,39.74182150000001,-75.5497321
433068,30.4689029,-86.6148345
433174,35.2003507,-80.8385574
433563,38.0215849,-84.54468709999999
434016,42.235578,-96.468262
434140,32.6197678,-117.0933459
434672,39.3535313,-76.4822959
434690,33.719378,-78.92732149999999
434830,39.8559626,-84.1885585
437750,33.5289955,-117.1637083
438212,40.6764599,-76.23570029999999
438504,34.0827945,-117.5762877
